,Glass Transition Temperature,SMILES String
0,279,C=CC(=O)OCc1ccccc1
1,383,C=CC(=O)Oc2ccc(c1ccccc1)cc2
2,219,CCCCOC(=O)C=C
3,250,CC(OC(=O)C=C)CC
4,345,C=CC(=O)Oc1ccccc1C(C)(C)C
5,344,C=CC(=O)Oc1ccc(C(C)(C)C)cc1
6,326,C=CC(=O)O/C/1=C/C=C\C=Cl1
7,331,C=CC(=O)Oc1ccc(cc1)Cl
8,317,C=CC(=O)Oc1ccc(C#N)cc1
9,324,C=CC(=O)OCC(C)C#N
10,277,C=CC(=O)OCCC#N
11,358,C=CC(=O)OCCCCCCC#N
12,339,C=CC(=O)OC(C)C#N
13,258,C=CC(=O)OCC(C)C(C)CC
14,270,CCCCCCCCCCCCOC(=O)C(=C)C
15,303,C=CC(=O)Oc1ccccc1C(=O)OCC
16,297,C=CC(=O)Oc1cccc(C(=O)OCC)c1
17,218,C=CC(=O)OCCCOCC
18,249,CCOC(=O)C=C
19,288,C=CC(=O)OF
20,243,C=CC(=O)OC(F)(F)C(F)(F)C(F)(F)C(F)(F)F
21,218,C=CC(=O)OCC(F)(F)C(F)(F)C(=O)C(F)(F)F
22,283,C=CC(=O)OC(F)(C(F)(F)F)C(F)(F)F
23,235,C=CC(=O)OC(C)CCCCC
24,308,CCCCCCOC(=O)C=C
25,216,C=CC(=O)OCCCCCC
26,249,C=CC(=O)OCC(C)C
27,217,C=CC(=O)OCC(C)OC
28,311,C=CC(=O)Oc1cccc(C(=O)OC)c1
29,340,C=CC(=O)Oc1ccc(C(=O)OC)cc1
30,324,C=CC(=O)Oc1ccc(OC)cc1
31,198,C=CC(=O)Oc1ccc(CCCOC)cc1
32,241,C=CC(=O)OCC(C)CC
33,228,C=CC(=O)OCCC(C)C
34,235,C=CC(=O)OCC(C)CCC
35,358,C=CC(=O)Oc2ccc1ccccc1c2
36,224,C=CC(=O)OCC(F)(F)C(F)(F)C(=O)C(F)(F)C(F)(F)F
37,236,C=CC(=O)OCC(F)(F)C(F)(F)C(F)(F)C(F)(F)F
38,238,C=CC(=O)OCC(F)(F)C(F)(F)C(F)(F)C(F)F
39,247,C=CC(=O)OCC(F)(F)C(F)(F)F
40,267,C=CC(=O)OC(CC)CC
41,270,CC(=C)C(=O)OCCc1ccccc1
42,236,CCCOC(=O)C=C
43,297,C=CC(=O)OCCCCCCCCCCCCCC
44,251,C=CC(=O)OCCC(=O)C(F)(F)C(F)F
45,298,C=CC(=O)Oc1cccc(C)c1
46,325,C=CC(=O)Oc1ccccc1C
47,263,C=CC(=O)OCC(F)(F)F
48,235,C=CC(=O)OCCC(=O)CC(F)(F)F
49,205,C=CC(=O)OCC(F)(F)C(F)(F)C(=O)C(F)(F)C(F)(F)C(F)(F)C(F)(F)F
50,234,C=CC(=O)OCC(F)(F)C(F)(F)C(F)(F)C(F)(F)C(F)(F)F
51,286,C=CC(=O)Oc1ccc(C(=O)OCCCC)cc1
52,333,C=CC(=O)Oc1ccc(Cl)cc1Cl
53,233,C=CC(=O)OCCCC#N
54,250,C=CC(=O)OCCC(=O)CC#N
55,320,C=CC(=O)Oc1cccc(N(C)C)c1
56,310,C=CC(=O)Oc1ccc(C(=O)OCC)cc1
57,223,C=CC(=O)OCCOCC
58,223,C=CC(=O)OCC(CC)CC
59,228,C=CC(=O)OCCC(=O)CC(F)(F)C(F)(F)C(F)(F)F
60,213,CCCCCCCOC(=O)C=C
61,251,C=CC(=O)OCC(F)(F)C(F)C(F)(F)F
62,270,CC(C)OC(=O)C=C
63,319,C=CC(=O)Oc1ccccc1C(=O)OC
64,223,CCOCOC(=O)C(=C)C
65,283,COC(=O)C=C
66,215,C=CC(=O)OCCCCCCCCC
67,216,C=CC(=O)OCCCCC
68,330,CC(=C)C(=O)Oc1ccccc1
69,233,C=CC(=O)OCCC(=O)CCC(=O)C(F)(F)C(F)F
70,316,C=CC(=O)Oc1ccc(C)cc1
71,389,C=CC(=O)OCC(C#N)CCCCC
72,371,C=Cc2ccc(C(=O)c1ccccc1)cc2
73,339,C=Cc1ccccc1C(=O)OCCCC
74,349,C=Cc1ccc(C(=O)OCCCC)cc1
75,360,C=Cc1cc(C(C)(C)C)ccc1C
76,359,C=Cc1ccc(C(C)CCC)cc1
77,347,C=Cc1ccc(C(=O)CCC)cc1
78,375,C=Cc1ccc(C(=O)N(CC)CC)cc1
79,367,C=Cc1ccc(C(=O)OCC)cc1
80,347,C=Cc1ccccc1CCOC
81,359,C=Cc1ccc(CCOC)cc1
82,339,C=Cc1ccc(C(=O)CCCCC)cc1
83,318,C=Cc1ccccc1C(=O)OCCCCCC
84,339,C=Cc1ccc(C(=O)OCCCCCC)cc1
85,319,C=Cc1ccc(COCC(O)CC)cc1
86,384,C=Cc2ccc(/C(Cc1ccccc1)=N/O)cc2
87,363,C=Cc1ccc(C(=O)OCC(C)C)cc1
88,341,C=Cc1ccccc1C(=O)OCC(C)(C)C
89,351,C=Cc1ccccc1COCC(C)(C)C
90,368,C=Cc1ccc(C(=O)OC(C)C)cc1
91,361,C=Cc1ccccc1COC(C)C
92,350,C=Cc1ccc(COC)cc1
93,323,C=Cc1ccc(C(=O)CCCCCCC)cc1
94,351,C=Cc2ccc(C(=O)Cc1ccccc1)cc2
95,365,C=Cc1ccc(C(=O)OCCC)cc1
96,343,C=Cc1ccc(OCCC)cc1
97,372,C=Cc2ccc(c1ccc(C)cc1)cc2
98,343,C=Cc1ccc(C(=O)CCCC)cc1
99,376,C=Cc2ccc(Cc1ccc(OC)cc1)cc2
100,364,C=Cc1ccc(C(C)(O)CCCCC)cc1
101,358,C=Cc1ccc(OC)cc1C
102,348,C=Cc1ccccc1OC
103,373,C=Cc2ccc(Oc1ccccc1)cc2
106,373,C=Cc1ccccc1
107,376,C=Cc1ccc(cc1)F
108,374,C=Cc1cc(F)ccc1F
109,398,C=Cc1ccc(cc1)Cl
110,395,C=Cc1ccccc1Cl
111,411,C=Cc1ccc(cc1)Br
112,374,OC(=O)C=C
113,249,FC(F)C(F)(F)COC(=O)C(=C)
114,311,C=CC(=O)OC(C)(C)C
115,311,CCCCCCCCCCCCCCCCCCCCCCCCCCOC(=O)C=C
116,208,CCCCCCCCOC(=O)C=C
117,221,CCCCC(COC(=O)C=C)CC
118,289,C=CC(=O)OC1CCCCC1
119,296,C=CC(=O)OCC#N
120,344,CCCOC(=O)C(=C)Cl
121,366,CCOC(=O)C(=C)Cl
122,330,CCCCOC(=O)C(=C)Cl
123,390,C=CC(=O)NC(C)CC
124,401,C=CC(=O)NC(C)(C)C
125,220,CCCCCCCCNC(=O)C=C
126,403,C=CC(=O)NC(C)C
127,438,OC(=N)C=C
128,383,C=CC#N
129,388,CC(=C)C#N
130,374,CCCCOC(=O)C(=C)C#N
131,322,CCCCCCCCOC(=O)C(=C)C#N
132,359,CCCCCCOC(=O)C(=C)C#N
133,242,FC(=C)F
134,373,BrC=C
135,360,FC(=C(F)F)Cl
136,327,OC(=O)c1ccc(cc1)C(=O)O.OCCCO
137,232,OC(=O)CCC(=O)O.OCCCO
138,215,OC(=O)CCCCC(=O)O.OCCCO
139,332,OC(=O)C(O)C
140,221,O=C1CCCO1
141,276,CC1CC(=O)O1
142,220,OC(=O)CCC(=O)O.OCCCCCCO
143,213,OC(=O)CCCCCCCCC(=O)O.OCCCCCCO
144,312,O=C1OCC(=O)OC1
145,344,OC(=O)c1ccc(cc1)C(=O)O.OCCO
146,297,OC(=O)c1ccccc1C(=O)O.OCCO
147,392,OC(=O)c1ccc2c(c1)ccc(c2)C(=O)O.OCCO
148,324,OC(=O)c1cccc(c1)C(=O)O.OCCO
149,230,OC(=O)CCCCC(=O)O.OCCO
150,364,OC(=O)c1ccc(cc1)C(=O)O.OCC1CCC(CC1)CO
151,208,O=C1CCCCCO1
152,267,OC(=O)CCC(=O)O.OCCO
153,244,OC(=O)CCCCCCCCC(=O)O.OCCO
154,313,OC(=O)c1ccc(cc1)C(=O)O.OCCCCO
155,237,OC(=O)CCC(=O)O.OCCCCO
156,214,OC(=O)CCCCCCCCC(=O)O.OCCCCO
157,297,OC(=O)c1cccc(c1)C(=O)O.OCCCCO
158,202,OC(=O)CCCCC(=O)O.OCCCCO
159,472,OC(=O)c1ccc(cc1)C(=O)O.Oc1ccc(cc1)C(C)(C)c2ccc(cc2)O
160,462,OC(=O)c1cc(ccc1)C(=O)O.Oc1ccc(cc1)C(C)(C)c2ccc(cc2)O
161,272,C1C(CO1)(CCl)CCl
162,197,C1CCO1
163,189,C1CCCO1
164,200,CC1CO1
165,209,C1COCO1
166,189,CCCCCCOCC1CO1
167,211,COCC1CO1
168,204,C1CCCCOC1
169,225,O1CC1
170,252,ClCC1CO1
171,194,CCCCOCC1CO1
172,211,C=O
173,459,CC(c1ccc(cc1)O)(c1ccc(cc1)O)C.Clc1ccc(cc1)S(=O)(=O)c1ccc(cc1)Cl
174,482,Oc1ccc(cc1)c1ccc(cc1)O.Clc1ccc(cc1)S(=O)(=O)c1ccc(cc1)Cl
175,489,Clc1ccc(cc1)S(=O)(=O)c1ccc(cc1)Cl.Oc1ccc(cc1)S(=O)(=O)c1ccc(cc1)O
176,479,Oc1ccc(cc1)O.Clc1ccc(cc1)S(=O)(=O)c1ccc(cc1)Cl
177,312,CC=C.[C-]#[O+]
178,291,C=C.[C-]#[O+]
179,437,c1cc(ccc1C(=O)Cl)C(=O)Cl.c1ccc(cc1)Oc2ccccc2
180,268,C=CC=C
181,197,CCC=CC=C
182,204,CC=CC=C
183,178,C1CC=CC1
184,394,NCCCCCCCCCN.ClC(=O)c1ccc(cc1)C(=O)Cl
185,537,Nc1cc(ccc1)N.ClC(=O)c1cc(ccc1)C(=O)Cl
186,600,Nc1ccc(cc1)N.ClC(=O)c1ccc(cc1)C(=O)Cl
187,412,NCCCCCCN.ClC(=O)c1ccc(cc1)C(=O)Cl
188,323,OC(=O)CCCCCCCCC(=O)O.NCCCCCCCCCCN
189,319,NCCCCCCN.OC(=O)CCCCCCCCCCC(=O)O
190,323,OC(=O)CCCCCCCCC(=O)O.NCCCCCCN
191,332,OC(=O)CCCCCCCC(=O)O.NCCCCCCN
192,324,NCCCCCCN.OC(=O)CCCCC(=O)O
193,313,NCCCCCCCCCCCC(=O)O
194,315,NCCCCCCCCCC(=O)O
195,324,O=C1CCCCCCCN1
196,324,O=C1CCCCCN1
197,384,C1CNC1=O
0,283.5,CC(=O)NCCCCCCNC(=O)CO
1,307.5,CCCNC(=O)CCCCC(=O)NCCCO
2,343,CC(=O)NCCCCCCNC(=O)Cc1ccc(O)cc1
3,345.5,CC(=O)NCCCCCCNC(=O)CCc1ccc(O)cc1
4,340.5,CC(=O)NCCCCCCNC(=O)COc1ccc(O)cc1
5,345.5,CCCNC(=O)c1ccc(C(=O)NCCCO)cc1
6,343.5,CCCCC(=O)NCc1ccc(CNC(=O)CCCCO)cc1
7,353.5,CCC(=O)NCc1cc(C)c(CNC(=O)CCO)cc1C
8,428.5,Oc1ccc(C(=O)NCC(C)(C)CCCNC(=O)c2ccccc2)cc1
9,415.3,Oc1ccc(NC(=O)c2cccc(C(=O)Nc3ccccc3)c2)cc1
10,458.25,Oc1ccc(NC(=O)c2ccc(C(=O)Nc3ccccc3)cc2)cc1
11,464.5,CCC(=O)NCc1c(C)c(C)c(CNC(=O)CCO)c(C)c1C
12,426.83,Oc1cccc(NC(=O)CCCCC(=O)Nc2ccccc2)c1
13,503.5,Oc1ccc(NC(=O)CCCCC(=O)Nc2ccccc2)cc1
14,393.5,Oc1cccc(NC(=O)CCCCCCCC(=O)Nc2ccccc2)c1
15,433.5,Oc1ccc(NC(=O)CCCCCCCC(=O)Nc2ccccc2)cc1
16,383.5,Oc1cccc(NC(=O)CCCCCCCCCCC(=O)Nc2ccccc2)c1
17,423.5,Oc1ccc(NC(=O)CCCCCCCCCCC(=O)Nc2ccccc2)cc1
18,403.5,Oc1cccc(NC(=O)CCCCCC(=O)Nc2ccccc2)c1
19,453.5,Oc1ccc(NC(=O)CCCCCC(=O)Nc2ccccc2)cc1
20,398.5,Oc1cccc(NC(=O)CCCCCCCCC(=O)Nc2ccccc2)c1
21,433.5,Oc1ccc(NC(=O)CCCCCCCCC(=O)Nc2ccccc2)cc1
22,413.5,Oc1cccc(NC(=O)CCCCCCC(=O)Nc2ccccc2)c1
23,453.5,Oc1ccc(NC(=O)CCCCCCC(=O)Nc2ccccc2)cc1
24,383.5,Oc1cccc(NC(=O)CCCCCCCCCC(=O)Nc2ccccc2)c1
25,423.5,Oc1ccc(NC(=O)CCCCCCCCCC(=O)Nc2ccccc2)cc1
26,480.5,Oc1ccc(NC(=O)c2cc(C(=O)Nc3ccccc3)c(C(=O)O)cc2C(=O)O)cc1
27,431.5,Oc1ccc(C(=O)Nc2cc(SCCC#N)c(NC(=O)c3ccccc3)cc2SCCC#N)cc1
28,491.5,Oc1ccc(C(c2ccc(Oc3ccc(C(=O)Nc4ccc(NC(=O)c5ccccc5)cc4)cc3)cc2)(C(F)(F)F)C(F)(F)F)cc1
29,503.5,Oc1ccc(C(C)(C)c2ccc(Oc3ccc(C(=O)Nc4ccc(NC(=O)c5ccccc5)cc4)cc3)cc2)cc1
30,527.5,Oc1ccc(C(c2ccccc2)(c2ccccc2)c2ccc(Oc3ccc(C(=O)Nc4ccc(NC(=O)c5ccccc5)cc4)cc3)cc2)cc1
31,487.5,Oc1ccc(C(C)(C)c2ccc(Oc3ccc(C(=O)Nc4cccc(NC(=O)c5ccccc5)c4)cc3)cc2)cc1
32,523.5,Oc1ccc(C(C)(C)c2ccc(Oc3ccc(C(=O)Nc4ccc(-c5ccc(NC(=O)c6ccccc6)cc5C(F)(F)F)c(C(F)(F)F)c4)cc3)cc2)cc1
33,513.5,Oc1ccc(C(c2ccc(Oc3ccc(C(=O)Nc4ccc(-c5ccc(NC(=O)c6ccccc6)cc5C(F)(F)F)c(C(F)(F)F)c4)cc3)cc2)(C(F)(F)F)C(F)(F)F)cc1
34,530.5,Oc1ccc(NC(=O)c2cc(C(=O)Nc3ccccc3)cc(C(F)(F)C(F)(F)C(F)(F)C(F)(F)F)c2)cc1
35,503.5,Oc1cccc(NC(=O)c2cc(C(=O)Nc3ccccc3)cc(C(F)(F)C(F)(F)C(F)(F)C(F)(F)F)c2)c1
36,503.5,Oc1ccc(NC(=O)c2cc(C(=O)Nc3ccccc3)cc(C(F)(F)C(F)(F)C(F)(F)C(F)(F)C(F)(F)C(F)(F)C(F)(F)C(F)(F)F)c2)cc1
37,483.5,Oc1cccc(NC(=O)c2cc(C(=O)Nc3ccccc3)cc(C(F)(F)C(F)(F)C(F)(F)C(F)(F)C(F)(F)C(F)(F)C(F)(F)C(F)(F)F)c2)c1
38,510.25,Oc1cccc(NC(=O)c2cccc(C(=O)Nc3ccccc3)c2)c1
39,510.5,Oc1cccc(NC(=O)c2ccc(C(=O)c3cccc(C(=O)Nc4ccccc4)c3)cc2)c1
40,478.5,Oc1ccc(NC(=O)C=Cc2ccc(C=CC(=O)Nc3ccccc3)cc2)cc1
41,547.5,Oc1ccc(NC(=O)c2ccc(Oc3ccc(C(=O)Nc4ccccc4)cc3)cc2)cc1
42,509.5,Oc1ccc(Oc2ccc(NC(=O)c3ccc(Oc4ccc(Oc5ccc(C(=O)Nc6ccccc6)cc5)cc4)cc3)cc2)cc1
43,492,Oc1ccc(Oc2ccc(NC(=O)c3ccc(Oc4ccc(Oc5ccc(C(=O)Nc6ccccc6)cc5)cc4C)cc3)cc2)cc1C
44,474,Oc1ccc(Oc2ccc(NC(=O)c3ccc(Oc4ccc(Oc5ccc(C(=O)Nc6ccccc6)cc5)cc4-c4ccccc4)cc3)cc2)cc1-c1ccccc1
45,450,Oc1cccc(Oc2ccc(NC(=O)c3ccc(Oc4cccc(Oc5ccc(C(=O)Nc6ccccc6)cc5)c4)cc3)cc2)c1
46,411,Oc1cccc(Oc2cccc(NC(=O)c3cccc(Oc4cccc(Oc5cccc(C(=O)Nc6ccccc6)c5)c4)c3)c2)c1
47,513.5,Oc1ccc(C(=O)Nc2ccc(Cc3ccc(NC(=O)c4ccc(Oc5ccc(C(=O)c6ccc(S(=O)(=O)c7ccc(C(=O)c8ccccc8)cc7)cc6)cc5)cc4)cc3)cc2)cc1
48,533.5,Oc1ccc(C(=O)Nc2ccc(S(=O)(=O)c3ccc(NC(=O)c4ccc(Oc5ccc(C(=O)c6ccc(S(=O)(=O)c7ccc(C(=O)c8ccccc8)cc7)cc6)cc5)cc4)cc3)cc2)cc1
49,606.5,Oc1c(C)c(C)c(NC(=O)c2ccc(C(=O)Nc3ccccc3)cc2)c(C)c1C
50,583.5,Oc1c(C)c(C)c(Oc2ccc(NC(=O)c3ccc(C(=O)Nc4ccccc4)cc3)cc2)c(C)c1C
51,489.5,Oc1ccc(Oc2ccc(C(=O)Nc3ccc(Cc4ccc(NC(=O)c5ccccc5)cc4)cc3)cc2)cc1
52,493.5,Oc1ccc(Oc2ccc(C(=O)Nc3ccc(Oc4ccc(S(=O)(=O)c5ccc(Oc6ccc(NC(=O)c7ccccc7)cc6)cc5)cc4)cc3)cc2)cc1
53,473.5,Oc1ccc(Oc2ccc(NC(=O)c3ccc(Oc4ccc(Oc5ccc(C(=O)Nc6ccccc6)cc5)cc4C)cc3)cc2)cc1
54,493.5,Oc1ccc(Oc2ccc(C(=O)Nc3ccc(Oc4ccc(-c5ccc(Oc6ccc(NC(=O)c7ccccc7)cc6)cc5)cc4)cc3)cc2)cc1C
55,490.5,Oc1ccc(Oc2ccc(C(=O)Nc3ccc(Oc4ccc(S(=O)(=O)c5ccc(Oc6ccc(NC(=O)c7ccccc7)cc6)cc5)cc4)cc3)cc2)cc1C
56,492.5,Oc1ccc(Oc2ccc(C(=O)Nc3ccc(Oc4ccc(NC(=O)c5ccccc5)cc4)cc3)cc2)cc1-c1ccccc1
57,491.5,Oc1ccc(Oc2ccc(C(=O)Nc3ccc(Cc4ccc(NC(=O)c5ccccc5)cc4)cc3)cc2)cc1-c1ccccc1
58,482.5,Oc1ccc(Oc2ccc(NC(=O)c3ccc(Oc4ccc(Oc5ccc(C(=O)Nc6ccccc6)cc5)cc4-c4ccccc4)cc3)cc2)cc1
59,505.5,Oc1ccc(Oc2ccc(C(=O)Nc3ccc(Oc4ccc(-c5ccc(Oc6ccc(NC(=O)c7ccccc7)cc6)cc5)cc4)cc3)cc2)cc1-c1ccccc1
60,504.5,Oc1ccc(Oc2ccc(C(=O)Nc3ccc(Oc4ccc(S(=O)(=O)c5ccc(Oc6ccc(NC(=O)c7ccccc7)cc6)cc5)cc4)cc3)cc2)cc1-c1ccccc1
61,436.5,Oc1ccc(C(C)(C)c2ccc(C(C)(C)c3ccc(Oc4ccc(C(=O)Nc5ccc(NC(=O)c6ccccc6)cc5)cc4)cc3)cc2)cc1
62,446.5,Oc1ccc(C(C)(C)c2ccc(C(C)(C)c3ccc(Oc4ccc(C(=O)Nc5cccc(NC(=O)c6ccccc6)c5)cc4)cc3)cc2)cc1
63,447.5,Oc1ccc(NC(=O)c2ccc(Oc3ccc(C(C)(C)c4ccc(C(C)(C)c5ccc(Oc6ccc(C(=O)Nc7ccccc7)cc6)cc5)cc4)cc3)cc2)cc1
64,441.5,Oc1cccc(NC(=O)c2ccc(Oc3ccc(C(C)(C)c4ccc(C(C)(C)c5ccc(Oc6ccc(C(=O)Nc7ccccc7)cc6)cc5)cc4)cc3)cc2)c1
65,435.5,Oc1ccc(C(C)(C)c2ccc(C(C)(C)c3ccc(Oc4ccc(C(=O)Nc5ccc(Cc6ccc(NC(=O)c7ccccc7)cc6)cc5)cc4)cc3)cc2)cc1
66,438.5,Oc1ccc(Oc2ccc(NC(=O)c3ccc(Oc4ccc(C(C)(C)c5ccc(C(C)(C)c6ccc(Oc7ccc(C(=O)Nc8ccccc8)cc7)cc6)cc5)cc4)cc3)cc2)cc1
67,436.5,Oc1ccc(NC(=O)c2ccc(Oc3ccc(C(C)(C)c4ccc(C(C)(C)c5ccc(Oc6ccc(C(=O)Nc7ccc(Oc8ccc(C(C)(C)c9ccccc9)cc8)cc7)cc6)cc5)cc4)cc3)cc2)cc1
68,450.5,Oc1ccc(NC(=O)c2ccc(Oc3ccc(C(C)(C)c4ccc(C(C)(C)c5ccc(Oc6ccc(C(=O)Nc7ccc(Oc8ccc(-c9ccccc9)cc8)cc7)cc6)cc5)cc4)cc3)cc2)cc1
69,450.5,Oc1ccc(S(=O)(=O)c2ccc(Oc3ccc(NC(=O)c4ccc(Oc5ccc(C(C)(C)c6ccc(C(C)(C)c7ccc(Oc8ccc(C(=O)Nc9ccccc9)cc8)cc7)cc6)cc5)cc4)cc3)cc2)cc1
70,442.5,Oc1ccc(NC(=O)c2ccc(Oc3ccc(C(C)(C)c4ccc(C(C)(C)c5ccc(Oc6ccc(C(=O)Nc7ccc(Oc8ccc(C(c9ccccc9)(C(F)(F)F)C(F)(F)F)cc8)cc7)cc6)cc5)cc4)cc3)cc2)cc1
71,427.5,Oc1ccc(C(C)(C)c2cccc(C(C)(C)c3ccc(Oc4ccc(C(=O)Nc5ccc(NC(=O)c6ccccc6)cc5)cc4)cc3)c2)cc1
72,428.5,Oc1ccc(C(C)(C)c2cccc(C(C)(C)c3ccc(Oc4ccc(C(=O)Nc5cccc(NC(=O)c6ccccc6)c5)cc4)cc3)c2)cc1
73,428.5,Oc1ccc(NC(=O)c2ccc(Oc3ccc(C(C)(C)c4cccc(C(C)(C)c5ccc(Oc6ccc(C(=O)Nc7ccccc7)cc6)cc5)c4)cc3)cc2)cc1
74,420.5,Oc1cccc(NC(=O)c2ccc(Oc3ccc(C(C)(C)c4cccc(C(C)(C)c5ccc(Oc6ccc(C(=O)Nc7ccccc7)cc6)cc5)c4)cc3)cc2)c1
75,422.5,Oc1ccc(C(C)(C)c2cccc(C(C)(C)c3ccc(Oc4ccc(C(=O)Nc5ccc(Cc6ccc(NC(=O)c7ccccc7)cc6)cc5)cc4)cc3)c2)cc1
76,420.5,Oc1ccc(Oc2ccc(NC(=O)c3ccc(Oc4ccc(C(C)(C)c5cccc(C(C)(C)c6ccc(Oc7ccc(C(=O)Nc8ccccc8)cc7)cc6)c5)cc4)cc3)cc2)cc1
77,420.5,Oc1ccc(NC(=O)c2ccc(Oc3ccc(C(C)(C)c4cccc(C(C)(C)c5ccc(Oc6ccc(C(=O)Nc7ccc(Oc8ccc(C(C)(C)c9ccccc9)cc8)cc7)cc6)cc5)c4)cc3)cc2)cc1
78,440.5,Oc1ccc(NC(=O)c2ccc(Oc3ccc(C(C)(C)c4cccc(C(C)(C)c5ccc(Oc6ccc(C(=O)Nc7ccc(Oc8ccc(-c9ccccc9)cc8)cc7)cc6)cc5)c4)cc3)cc2)cc1
79,440.5,Oc1ccc(S(=O)(=O)c2ccc(Oc3ccc(NC(=O)c4ccc(Oc5ccc(C(C)(C)c6cccc(C(C)(C)c7ccc(Oc8ccc(C(=O)Nc9ccccc9)cc8)cc7)c6)cc5)cc4)cc3)cc2)cc1
80,427.5,Oc1ccc(NC(=O)c2ccc(Oc3ccc(C(C)(C)c4cccc(C(C)(C)c5ccc(Oc6ccc(C(=O)Nc7ccc(Oc8ccc(C(c9ccccc9)(C(F)(F)F)C(F)(F)F)cc8)cc7)cc6)cc5)c4)cc3)cc2)cc1
81,499.75,Oc1ccc(NC(=O)c2cccc(C(=O)Nc3ccc(Oc4ccc(C(c5ccccc5)(C(F)(F)F)C(F)(F)F)cc4)cc3)c2)cc1
82,527.75,Oc1ccc(NC(=O)c2cc(C(=O)Nc3ccc(Oc4ccc(C(c5ccccc5)(C(F)(F)F)C(F)(F)F)cc4)cc3)cc(C(C)(C)C)c2)cc1
83,523.5,Oc1ccc(NC(=O)c2ccc(S(=O)(=O)c3ccc(C(=O)Nc4ccc(Oc5ccc(C(c6ccccc6)(C(F)(F)F)C(F)(F)F)cc5)cc4)cc3)cc2)cc1
84,505.5,Oc1ccc(NC(=O)c2cc(C(=O)Nc3ccc(Oc4ccc(C(c5ccccc5)(C(F)(F)F)C(F)(F)F)cc4)cc3)cc([N+](=O)[O-])c2)cc1
85,516.5,Oc1ccc(NC(=O)c2ccc(C(=O)Nc3ccc(Oc4ccc(C(c5ccccc5)(C(F)(F)F)C(F)(F)F)cc4)cc3)cc2)cc1
86,527.5,Oc1ccc(NC(=O)c2ccc(P(=O)(c3ccccc3)c3ccc(C(=O)Nc4ccccc4)cc3)cc2)cc1
87,508.5,Oc1cccc(NC(=O)c2ccc(P(=O)(c3ccccc3)c3ccc(C(=O)Nc4cccc(Oc5ccc(P(=O)(c6ccccc6)c6ccccc6)cc5)c4)cc3)cc2)c1
88,498.5,Oc1ccc(NC(=O)c2ccc(P(=O)(c3ccccc3)c3ccc(C(=O)Nc4ccc(Oc5ccc(P(=O)(c6ccccc6)c6ccccc6)cc5)cc4)cc3)cc2)cc1
89,294,CCC(=O)NCCCCCCNC(=O)CCS
90,343.5,CCCCC(=O)NCc1ccc(CNC(=O)CCCCS)cc1
91,338.5,CCCCCCC(=O)NCc1ccc(CNC(=O)CCCCCCS)cc1
92,331.5,CCCCCCCCCCC(=O)NCCc1ccc(CCNC(=O)CCCCCCCCCCS)cc1
93,261.5,CCCCCCCCCCOC(=O)CCCCCNC(=O)CCCCC(=O)NCCCCCC(=O)O
94,266.5,CCCCCCOC(=O)CCCCCNC(=O)CCCCC(=O)NCCCCCC(=O)O
95,258.5,CCCCOC(=O)CCCCCNC(=O)CCCCC(=O)NCCCCCC(=O)O
96,598.5,c1ccc(OC(=O)c2cccc(C(=O)Oc3ccc(C4NC(=O)c5ccccc54)cc3)c2)cc1
97,600.5,c1ccc(OC(=O)c2ccc(C(=O)Oc3ccc(C4NC(=O)c5ccccc54)cc3)cc2)cc1
98,403.5,C(=O)OCCCCOC(=O)c1ccc(NC(=O)c2ccc(N3C(=O)c4ccccc4C3=O)cc2)cc1
99,402.5,C(=O)OCCCCCOC(=O)c1ccc(NC(=O)c2ccc(N3C(=O)c4ccccc4C3=O)cc2)cc1
100,380.5,C(=O)OCCCCCCOC(=O)c1ccc(NC(=O)c2ccc(N3C(=O)c4ccccc4C3=O)cc2)cc1
101,379.5,C(=O)OCCCCCCCOC(=O)c1ccc(NC(=O)c2ccc(N3C(=O)c4ccccc4C3=O)cc2)cc1
102,378.5,C(=O)OCCCCCCCCOC(=O)c1ccc(NC(=O)c2ccc(N3C(=O)c4ccccc4C3=O)cc2)cc1
103,373.5,C(=O)OCCCCCCCCCOC(=O)c1ccc(NC(=O)c2ccc(N3C(=O)c4ccccc4C3=O)cc2)cc1
104,375.5,C(=O)OCCCCCCCCCCOC(=O)c1ccc(NC(=O)c2ccc(N3C(=O)c4ccccc4C3=O)cc2)cc1
105,347.5,C(=O)OCCCCCCCCCCCCOC(=O)c1ccc(NC(=O)c2ccc(N3C(=O)c4ccccc4C3=O)cc2)cc1
106,558.5,c1ccc(OC(=O)c2cccc(C(=O)Oc3ccc(C4c5ccccc5C(=O)N4C)cc3)c2)cc1
107,555.5,c1ccc(OC(=O)c2ccc(C(=O)Oc3ccc(C4c5ccccc5C(=O)N4C)cc3)cc2)cc1
108,529.5,c1ccc(OC(=O)c2cccc(C(=O)Oc3ccc(C4C(=O)Nc5ccccc54)cc3)c2)cc1
109,543.5,c1ccc(OC(=O)c2cccc(C(=O)Oc3ccc(C4C(=O)Nc5c(Cl)cc(Cl)cc54)cc3)c2)cc1
110,400.5,CCC(=O)N
111,339.15833,CCCCNC(=O)CCCCC(=O)N
112,320,CCCCCNC(=O)CCCCC(=O)N
113,327.5,CCCCCCNC(=O)CCCCCC(=O)N
114,326.17,CCCCCCNC(=O)CCCCCCC(=O)N
115,311.1125,CCCCCCNC(=O)CCCCCCCC(=O)N
116,314.94773,CCCCCCNC(=O)CCCCCCCCC(=O)N
117,323.75,CCCCCCNC(=O)CCCCCCCCCCC(=O)N
118,324.64,CCCCCCC(=O)N
119,324.5,CCCCCCCNC(=O)CCCCC(=O)N
120,328.5,CCCCCCCNC(=O)CCCCCC(=O)N
121,311.95,CCCCCCCC(=O)N
122,323.5,CCCCCCCCNC(=O)CCCCC(=O)N
123,327.5,CCCCCCCCNC(=O)CCCCCCCCC(=O)N
124,323.5,CCCCCCCCNC(=O)CCCCCCCCCCC(=O)N
125,321.5,CCCCCCCCNC(=O)CCCCCCCCCCCCCCCCCCCCC(=O)N
126,317.79,CCCCCCCCC(=O)N
127,333.83,CCCCCCCCCNC(=O)CCCCC(=O)N
128,316.5,CCCCCCCCCC(=O)N
129,322.5,CCCCCCCCCCNC(=O)CCCCCCCCCCC(=O)N
130,320,CCCCCCCCCCCCNC(=O)CCCCCCCCCCCCCCCCC(=O)N
131,314.5,CCCCCCCCCCCCC(=O)N
132,321.5,CCCCCCCCCCCCCCNC(=O)CCCCCCCCCCCCCCCCC(=O)N
133,323.5,CCCCCCCCCCCCCCCCCCNC(=O)CCCCCCCCCCCCCCCCC(=O)N
134,446.83,NC1CCC(CC2CCC(NC(=O)CCCCC=O)CC2)CC1
135,393.5,CCCC1(CCCNC(=O)CCCCC(=O)N)c2ccccc2-c2ccccc21
136,344.5,CCCP(CCCNC(=O)CCCCC(=O)N)CC(C)C
137,318.5,CCCCCCCCCCNC(=O)CCCCC(=O)N
138,337.8529,CCCCCCCCCCNC(=O)CCCCCCCCC(=O)N
139,278.5,CCCNC(=O)CCCCC(=O)NCCCNC
140,343.5,Cc1cc(C)c(CNC(=O)CCCCC(=O)N)cc1C
141,332.5,CCCCP(C)(=O)CCCNC(=O)CCCCC(=O)N
142,306.5,CCCP(C)(=O)CCCNC(=O)CCCCC(=O)N
143,322.5,CCCP(CCCNC(=O)CCCCC(=O)N)c1ccccc1
144,328.5,CCCP(=O)(CCCNC(=O)CCCCC(=O)N)c1ccccc1
145,436.5,CCCCCCNC(=O)c1cc(C(=O)N)cc(C(C)(C)C)c1
146,509.5,CC1CCC(CNC(=O)c2cc(C(=O)N)cc(C(C)(C)C)c2)CC1
147,465.5,Cc1cccc(CNC(=O)c2cc(C(=O)N)cc(C(C)(C)C)c2)c1
148,477.5,Cc1ccc(CNC(=O)c2cc(C(=O)N)cc(C(C)(C)C)c2)cc1
149,422.5,CC(C)CCC(C)CNC(=O)c1cc(C(=O)N)cc(C(C)(C)C)c1
150,446.5,CCC(C)C(C)CCNC(=O)c1cc(C(=O)N)cc(C(C)(C)C)c1
151,438.5,CCCC1(CCCNC(=O)c2ccccc2-c2ccccc2C(=O)N)c2ccccc2-c2ccccc21
152,377.5,CCCCCCNC(=O)Cc1ccc(C(=O)N)cc1
153,413.8,NC1CCC(CC2CCC(NC(=O)CCCCCCCCCCC=O)CC2)CC1
154,412.83,NC1CCC(CC2CCC(NC(=O)CCCCCCCCC=O)CC2)CC1
155,348.5,CCc1ccc(CCNC(=O)CCCCCCCCCCCCCCCCC(=O)N)cc1
156,366.5,CCc1ccc(CCNC(=O)CCCCCCCCCCCCC(=O)N)cc1
157,369.5,CCc1ccc(CCNC(=O)CCCCCCCCCC(=O)N)cc1
158,378.5,CCc1ccc(CCNC(=O)CCCCCCCCC(=O)N)cc1
159,355.5,CCCC(C)(C)CNC(=O)CCCC(=O)N
160,567.5,Nc1ccc(-c2ccc(NC(=O)c3cccc(C=O)c3)cc2)cc1
161,396.29,CCCCCCNC(=O)c1cccc(C(=O)N)c1
162,383.5,CCCCCCCCNC(=O)c1cccc(C(=O)N)c1
163,481.5,CC1CCC(CNC(=O)c2cccc(C(=O)N)c2)CC1
164,448.5,CCCC1(CCCNC(=O)c2cccc(C(=O)N)c2)c2ccccc2-c2ccccc21
165,440.83,Cc1cccc(CNC(=O)c2cccc(C(=O)N)c2)c1
166,398.5,CCC(C)C(C)CCNC(=O)c1cccc(C(=O)N)c1
167,426.5,CCCC(C)(C)CNC(=O)c1cccc(C(=O)N)c1
168,538.1,Nc1ccc(Cc2ccc(NC(=O)c3cccc(C=O)c3)cc2)cc1
169,347.5,CCCCCCCCCCNC(=O)C=C(C)C(=O)N
170,367.5,CCCCCCNC(=O)C=C(C)C(=O)N
171,408.5,Cc1cccc(CNC(=O)C=C(C)C(=O)N)c1
172,290.5,CCCCCCNC(=O)CCC(C)CC(=O)N
173,482.5,CC1CC(CNC(=O)c2cccc(C(=O)N)c2)CC(C(C)(C)C)C1
174,382.5,Cc1cc(CNC(=O)CCCCC(=O)N)cc(C(C)(C)C)c1
175,456.5,Cc1cc(CNC(=O)c2cccc(C(=O)N)c2)cc(C(C)(C)C)c1
176,473.5,CC1CCCC(CNC(=O)c2cc(C(=O)N)cc(C(C)(C)C)c2)C1
177,453.5,CC1CCCC(CNC(=O)c2cccc(C(=O)N)c2)C1
178,358.5,CCCC1(CCCNC(=O)CCCCCCCCC(=O)N)c2ccccc2-c2ccccc21
179,396,CCCCCCNC(=O)c1ccccc1-c1ccccc1C(=O)N
180,432.5,CCCCCCNC(=O)c1ccc(C(C)(CC)c2ccc(C(=O)N)cc2)cc1
181,451,CCCCNC(=O)c1ccc(C(C)(CC)c2ccc(C(=O)N)cc2)cc1
182,376.5,CCCCCNC(=O)Cc1ccc(C(=O)N)cc1
183,357.5,CCCCNC(=O)Cc1ccc(C(=O)N)cc1
184,382.5,CCCNC(=O)Cc1ccc(C(=O)N)cc1
185,383.5,CCCCCCCCNC(=O)Cc1ccc(CC(=O)N)cc1
186,395.5,CCCCCCNC(=O)CCC1(CCC(=O)N)c2ccccc2-c2ccccc21
187,316.5,CCCCCCNC(=O)CCP(=S)(CCC(=O)N)c1ccccc1
188,302.5,CCCCCCNC(=O)CCP(=O)(CCC(=O)N)c1ccccc1
189,450.5,CCCCCNC(=O)c1ccc(C(=O)N)cc1
190,423.22,NC1CC(C)(C)CC(C)(CNC(=O)CCCCC=O)C1
191,352.38,Cc1cccc(CNC(=O)CCCCC(=O)N)c1
192,432.5,Cc1cccc(CNC(=O)c2ccccc2-c2ccccc2C(=O)N)c1
193,398.5,Cc1ccc(CNC(=O)CC(C)(C)CC(C)C(=O)N)cc1
194,378.5,Cc1ccc(CNC(=O)CCCCCCCCCCC(=O)N)cc1
195,348.5,Cc1ccc(CNC(=O)CCCCCCCCCCCCCCCCC(=O)N)cc1
196,423.5,Cc1cccc(CNC(=O)CCC2(CCC(=O)N)c3ccccc3-c3ccccc32)c1
197,363.5,Cc1ccc(CNC(=O)CCCCCCCCCCCCCC(=O)N)cc1
198,388.5,Cc1ccc(CNC(=O)CCCCCCCCC(=O)N)cc1
199,373.5,Cc1ccc(CNC(=O)CCCCCCCCCCCC(=O)N)cc1
200,382.3,Cc1ccc(CNC(=O)CCCCCCCCCC(=O)N)cc1
201,350.5,CCCC(C)(C)CNC(=O)CCCCC(=O)N
202,338.5,CCC(C)(C)CC(C)CNC(=O)CCCCC(=O)N
203,336.5,CCCC(C)(C)CNC(=O)CCCCCCCC(=O)N
204,343.5,CCCC(C)(C)CNC(=O)CCCCCC(=O)N
205,430.5,CCCC(C)(C)CNC(=O)c1ccc(C(=O)N)cc1
206,598.5,Nc1cccc2c(NC(=O)c3cccc(C=O)c3)cccc12
207,578.5,Nc1cccc2c(NC(=O)c3ccc(C=O)cc3)cccc12
208,382.5,CCCC(C)(C)CNC(=O)C(=O)N
209,351.5,CCCCCCCCCCCCCCCCCCNC(=O)Cc1ccc(CC(=O)N)cc1
210,438.5,CCCC1(CCCNC(=O)CCC2(CCC(=O)N)c3ccccc3-c3ccccc32)c2ccccc2-c2ccccc21
211,358.5,CCCCCCCCCCCCNC(=O)CCc1ccc(CCC(=O)N)cc1
212,338.5,CCCCCCCCCCCCCCCCCCNC(=O)CCc1ccc(CCC(=O)N)cc1
213,548.17,Nc1cccc(NC(=O)c2cccc(C=O)c2)c1
214,549.21,Nc1ccc(NC(=O)c2cccc(C=O)c2)cc1
215,383.5,Nc1cccc(NC(=O)CCCCCCCCC=O)c1
216,511.5,Nc1cccc(NC(=O)c2ccc(C=O)cc2)c1
217,548.36,Nc1ccc(NC(=O)c2ccc(C=O)cc2)cc1
218,613.5,Nc1ccc(-c2ccc(NC(=O)c3ccc(C=O)cc3)cc2)cc1
219,420,CCCC(CCNC(=O)c1ccc(C(=O)N)cc1)C(C)C
220,403.5,CCCCCCCCCCCCNC(=O)c1ccc(C(=O)N)cc1
221,411.75,CCCCCCCNC(=O)c1ccc(C(=O)N)cc1
222,406,CCCCCCNC(=O)c1ccc(C(=O)N)cc1
223,408.5,CCCCCCCCCNC(=O)c1ccc(C(=O)N)cc1
224,498.5,Cc1cc(C)c(CNC(=O)c2ccc(C(=O)N)cc2)cc1C
225,425.5,CCCC(C)(C)CCCNC(=O)c1ccc(C(=O)N)cc1
226,423.5,NC(C)CCC(C)(C)CCCNC(=O)c1ccc(C=O)cc1
227,407.455,CCC(C)CC(C)(C)CNC(=O)c1ccc(C(=O)N)cc1
228,421.5,CCC(C)(C)CC(C)CNC(=O)c1ccc(C(=O)N)cc1
229,568,Nc1ccc(Cc2ccc(NC(=O)c3ccc(C=O)cc3)cc2)cc1
230,415.5,CCCCCCN(C(=O)C(F)(F)C(F)(F)C(F)(F)C(=O)NC(C)C)C(C)C
231,406,CCCC(CC)CCNC(=O)c1ccc(C(=O)N)cc1
232,413.5,c1cccc(NC(=O)CCCCC(=O)Nc2cccc(S(=O)=O)c2)c1
233,467.5,c1ccc(NC(=O)CCCCC(=O)Nc2ccc(S(=O)=O)cc2)cc1
234,398.5,c1cccc(NC(=O)CCCCCCCC(=O)Nc2cccc(S(=O)=O)c2)c1
235,451.5,c1ccc(NC(=O)CCCCCCCC(=O)Nc2ccc(S(=O)=O)cc2)cc1
236,380.5,c1cccc(NC(=O)CCCCCCCCCCC(=O)Nc2cccc(S(=O)=O)c2)c1
237,433.5,c1ccc(NC(=O)CCCCCCCCCCC(=O)Nc2ccc(S(=O)=O)cc2)cc1
238,436.5,c1ccc(NC(=O)CCCCCC(=O)Nc2ccc(S(=O)=O)cc2)cc1
239,385.5,c1cccc(NC(=O)CCCCCCCCC(=O)Nc2cccc(S(=O)=O)c2)c1
240,358.92,c1ccc(NC(=O)CCCCCCCCC(=O)Nc2ccc(S(=O)=O)cc2)cc1
241,398.5,c1cccc(NC(=O)CCCCCCC(=O)Nc2cccc(S(=O)=O)c2)c1
242,273.5,NC(CCC(=O)OC)C=O
243,343.9,C(=O)CCCCCCCCC(=O)N1CCNCC1
244,298.5,CCCCCCCCCCC(=O)NCCCCCC(=O)N
245,388.5,NC(C)CC=O
246,344.5,CCNC(=O)CCCCC(=O)N
247,338.5,CCCCCNC(=O)CC(=O)N
248,320.5,CCCCCCNC(=O)CCCCCCCCCCCCCCCCC(=O)N
249,309.5,CCCCCCCCNC(=O)CCCCCCCCCCCCCCCCC(=O)N
250,319.5,CCCCCCCCCCNC(=O)CCCCCCCCCCCCCCCCC(=O)N
251,313.5,CCCCCCCCCCCNC(=O)CCCCCCCCC(=O)N
252,453.5,CCCNC(=O)c1ccc(C(=O)N)cc1
253,368.5,CCCCCCNC(=O)Cc1ccc(CC(=O)N)cc1
254,358.5,CCCCCCNC(=O)CCc1ccc(CCC(=O)N)cc1
255,396.5,CCCCCCCCNC(=O)c1ccc(C(=O)N)cc1
256,413.5,CCCCCCCCCCNC(=O)c1ccc(Cc2ccc(C(=O)N)cc2)cc1
257,358.5,CCCCCCCCCCCCCCNC(=O)CCc1ccc(CCC(=O)N)cc1
258,386.5,CC1CCC(CNC(=O)CCCCC(=O)N)CC1
259,362.5,CC1CCC(CNC(=O)CCCCCCCCC(=O)N)CC1
260,358.5,CC1CCC(CNC(=O)CCCCCCCCCCC(=O)N)CC1
261,389.5,NC1CCC(CCC2CCC(NC(=O)CCCCCCCCC=O)CC2)CC1
262,378.5,NC1CCC(CCC2CCC(NC(=O)CCCCCCCCCCC=O)CC2)CC1
263,374.4,Nc1cccc(NC(=O)CCCCC=O)c1
264,406.5,Nc1ccc(NC(=O)CCCCC=O)cc1
265,389,Nc1cccc(NC(=O)CCCCCCC=O)c1
266,411.5,Nc1ccc(NC(=O)CCCCCCC=O)cc1
267,413.5,Nc1ccc(Cc2ccc(NC(=O)CCCCCCCC=O)cc2)cc1
268,398.5,Nc1ccc(NC(=O)CCCCCCCCC=O)cc1
269,433.5,Nc1ccc(Cc2ccc(NC(=O)CCCCCCCCC=O)cc2)cc1
270,261.5,CCCCCCCCCCC(=O)NC
271,243,CCCCCCCCCCCC(=O)NC
272,282.88,NC(CCC(=O)OCc1ccccc1)C=O
273,353.5,C(=O)NCCCCCCNC(=O)c1cccnc1
274,525.5,Nc1ccc(NC(=O)c2ccc(P(=O)(c3ccccc3)c3ccc(C=O)cc3)cc2)cc1
275,523.5,CCCCCCNC(=O)C(=O)N
276,623.5,C(=O)c1ccc(C(=O)N2CC(C)NCC2C)cc1
277,488,C(=O)c1cccc(C(=O)N2CCNCC2)c1
278,351.5,Cc1cc(C)c(CNC(=O)CCCCCCC(=O)N)cc1C
279,431.5,Nc1ccc(CC(C)(C)NC(=O)CCC=O)cc1
280,403.5,Nc1ccc(CC(C)(C)NC(=O)CCCCC=O)cc1
281,365.5,Nc1ccc(CC(C)(C)NC(=O)CCCCCCCCC=O)cc1
282,448.5,Nc1ccc(CC(C)(C)NC(=O)c2ccc(C=O)cc2)cc1
283,369.5,CC(C)C(=O)N
284,418.5,C(=O)NC1CCCCO1
285,369.5,CC1CCCC(CNC(=O)CCCCC(=O)N)C1
286,404.5,NC1CCC(CC2CCC(NC(=O)CCCCCCCCCCCCC=O)CC2)CC1
287,253.5,NC(CCC(=O)OCCCCC)C=O
288,234.17,NC(CCC(=O)OCCCC)C=O
289,225.17,NC(CCC(=O)OCCCCCC)C=O
290,246.17,NC(CCC(=O)OCC)C=O
291,214,NC(CCC(=O)OCCCCCCCC)C=O
292,263.5,NC(CCC(=O)OCCC)C=O
293,319,CCCCCCCCCCNC(=O)CCP(C)(=O)CCC(=O)N
294,317.5,CCCCCCCCCCCCNC(=O)CCP(C)(=O)CCC(=O)N
295,360.5,CCCCCCNC(=O)CCc1ccc(CC(=O)N)cc1
296,364.5,CCCCCCNC(=O)CC(C)(C)c1ccc(C(C)(C)CC(=O)N)cc1
297,361.5,CCCCCCNC(=O)CC(C)c1ccc(C(C)CC(=O)N)cc1
298,551.83,Nc1ccc(C(C)(C)c2ccc(NC(=O)c3cccc(C=O)c3)cc2)cc1
299,403.5,Nc1ccc(NC(=O)CCCCCCCC=O)cc1
300,408.5,Nc1ccc(NC(=O)CCCC=O)cc1
301,414.5,CCCCNC(=O)c1cccc(C(=O)N)c1
302,542.333,CCCCCCNC(=O)c1c(Cl)c(Cl)c(C(=O)N)c(Cl)c1Cl
303,360.7,CCCCCCCCc1nc2cc(NC(=O)CCCCC(=O)Nc3ccc4ocnc4c3)ccc2o1
304,359.5,CCCCCCc1nc2cc(NC(=O)CCCCCCCCC(=O)Nc3ccc4ocnc4c3)ccc2o1
305,350.5,CCCCCCc1nc2cc(NC(=O)CCCCCCC(=O)Nc3ccc4ocnc4c3)ccc2o1
306,406.5,Nc1ccc(NC(=O)CCCCCC=O)cc1
307,388.5,Nc1ccc(CCNC(=O)CCCCC=O)cc1
308,550.5,Nc1cccc(NC(=O)c2cc(C=O)cc(S(=O)(=O)c3ccccc3)c2)c1
309,581.5,Nc1ccc(NC(=O)c2cc(C=O)cc(S(=O)(=O)c3ccccc3)c2)cc1
310,592.5,Nc1ccc(-c2ccc(NC(=O)c3cc(C=O)cc(S(=O)(=O)c4ccccc4)c3)cc2)cc1
311,552.5,Oc1ccc(NC(=O)c2cc(C(=O)Nc3ccccc3)cc(S(=O)(=O)c3ccccc3)c2)cc1
312,543.5,Nc1ccc(Cc2ccc(NC(=O)c3cc(C=O)cc(S(=O)(=O)c4ccccc4)c3)cc2)cc1
313,560.5,Nc1ccc(C(C)(C)c2ccc(NC(=O)c3cc(C=O)cc(S(=O)(=O)c4ccccc4)c3)cc2)cc1
314,580.5,c1ccc(NC(=O)c2cc(C(=O)Nc3ccc(S(=O)=O)cc3)cc(S(=O)(=O)c3ccccc3)c2)cc1
315,326.5,CCCCCCNC(=O)CCCCC(=O)NCC(=O)N
316,531,Nc1ccc(NC(=O)c2cccc(C(=O)c3ccc(C=O)cc3)c2)cc1
317,488.5,Nc1cccc(C(=O)c2ccc(NC(=O)c3cccc(C(=O)c4ccc(C=O)cc4)c3)cc2)c1
318,503.5,Nc1ccc(Cc2ccc(NC(=O)C=Cc3ccc(C=CC=O)cc3)cc2)cc1
319,408.5,Nc1c(-c2ccccc2)cc(-c2ccc(-c3cc(-c4ccccc4)c(NC(=O)c4ccc(C=O)cc4)c(-c4ccccc4)c3)cc2)cc1-c1ccccc1
320,639.5,Nc1c(C)c(C)c(C(=O)c2ccc(NC(=O)c3ccc(C=O)cc3)cc2)c(C)c1C
321,618.5,Nc1ccc(C(=O)c2c(C)c(C)c(C(=O)c3ccc(NC(=O)c4ccc(C=O)cc4)cc3)c(C)c2C)cc1
322,440.5,Nc1cc(NC(=O)c2cc(OCCN(C)c3ccc(C#N)cc3)cc(C=O)c2)cc(C(=O)OCCN(C)c2ccc(C#N)cc2)c1
323,541,Nc1cc(NC(=O)c2ccc(C=O)cc2)cc(-c2nc3ccccc3[nH]2)c1
324,430.5,Nc1cc(NC(=O)c2cc(OCCN(C)c3ccc(S(=O)(=O)C(F)(F)C(F)(F)C(F)(F)C(F)(F)C(F)(F)C(F)(F)C(F)(F)C(F)(F)F)cc3)cc(C=O)c2)cc(C(=O)OCCN(C)c2ccc(C#N)cc2)c1
325,438.5,Nc1cc(NC(=O)c2cc(OCCN(C)c3ccc(C#N)cc3)cc(C=O)c2)cc(C(=O)OCCN(C)c2ccc(S(=O)(=O)C(F)(F)C(F)(F)C(F)(F)C(F)(F)C(F)(F)C(F)(F)C(F)(F)C(F)(F)F)cc2)c1
326,273.5,CCN(C)C(=O)CCCCCCCCC(=O)NC
327,516.5,Nc1ccc(NC(=O)c2ccc(NC(=O)c3ccc(P(=O)(c4ccccc4)c4ccc(C=O)cc4)cc3)cc2)cc1
328,416.83,CCCCCCNC(=O)c1ccc(C2(C)CC(C)(C)c3ccc(C(=O)N)cc32)cc1
329,376.5,Nc1cc(NC(=O)c2ccc(C=O)cc2)cc(-c2nc3ccccc3oc2=O)c1
330,330,CCCCCCCCCCCCCNC(=O)CCCCCCCCCCCC(=O)N
331,641.5,C(=O)Nc1ccc(NC(=O)c2ccc3c(c2)C(=O)N(c2ccc(S(=O)(=O)c4ccc(N5C(=O)c6ccccc6C5=O)cc4)cc2)C3=O)cc1
332,643.5,C(=O)Nc1ccc(-c2ccc(NC(=O)c3ccc4c(c3)C(=O)N(c3ccc(S(=O)(=O)c5ccc(N6C(=O)c7ccccc7C6=O)cc5)cc3)C4=O)cc2)cc1
333,584.5,C(=O)Nc1cccc(NC(=O)c2ccc3c(c2)C(=O)N(c2ccc(S(=O)(=O)c4ccc(N5C(=O)c6ccccc6C5=O)cc4)cc2)C3=O)c1
334,597.5,C(=O)Nc1ccc(Cc2ccc(NC(=O)c3ccc4c(c3)C(=O)N(c3ccc(S(=O)(=O)c5ccc(N6C(=O)c7ccccc7C6=O)cc5)cc3)C4=O)cc2)cc1
335,554.5,C(=O)Nc1ccc(Oc2ccc(NC(=O)c3ccc4c(c3)C(=O)N(c3ccc(S(=O)(=O)c5ccc(N6C(=O)c7ccccc7C6=O)cc5)cc3)C4=O)cc2)cc1
336,580.5,C(=O)Nc1ccc(S(=O)(=O)c2ccc(NC(=O)c3ccc4c(c3)C(=O)N(c3ccc(S(=O)(=O)c5ccc(N6C(=O)c7ccccc7C6=O)cc5)cc3)C4=O)cc2)cc1
337,559.17,C(=O)c1ccc2c(c1)C(=O)N(c1cccc(C(=O)Nc3cccc(N4C(=O)c5ccccc5C4=O)c3)c1)C2=O
338,581.5,C(=O)c1ccc2c(c1)C(=O)N(c1cccc(C(=O)Nc3ccc(N4C(=O)c5ccccc5C4=O)cc3)c1)C2=O
339,584.5,C(=O)c1ccc2c(c1)C(=O)N(c1ccc(C(=O)Nc3cccc(N4C(=O)c5ccccc5C4=O)c3)cc1)C2=O
340,534,C(=O)c1ccc2c(c1)C(=O)N(c1cccc(C(=O)N(C)c3ccc(N4C(=O)c5ccccc5C4=O)cc3)c1)C2=O
341,508.5,C(=O)NCCNC(=O)c1ccc(N2C(=O)c3ccccc3C2=O)cc1
342,498.5,C(=O)NCCCCCCNC(=O)c1ccc(N2C(=O)c3ccccc3C2=O)cc1
343,495.5,C(=O)Nc1ccc(Cc2ccc(NC(=O)c3ccc(N4C(=O)c5ccccc5C4=O)cc3)cc2)cc1
344,548.5,C(=O)NC1CCC(CC2CCC(NC(=O)c3ccc(N4C(=O)c5ccccc5C4=O)cc3)CC2)CC1
345,569.5,c1ccc(NC(=O)c2cccc(C(=O)Nc3ccc(-n4c(=O)c5cc6c(=O)nc(=O)c6cc5c4=O)cc3)c2)cc1
346,488.5,C(=O)Nc1ccccc1NC(=O)c1ccc(N2C(=O)c3ccccc3C2=O)cc1
347,500.83,C(=O)Nc1ccc(S(=O)(=O)c2ccc(NC(=O)c3ccc(N4C(=O)c5ccccc5C4=O)cc3)cc2)cc1
348,531,C(=O)Nc1cccc(NC(=O)C=Cc2cccc(N3C(=O)c4ccccc4C3=O)c2)c1
349,528,C(=O)Nc1cccc(C=CC(=O)C=Cc2cccc(NC(=O)c3ccc(N4C(=O)c5ccccc5C4=O)cc3)c2)c1
350,536.5,C(=O)Nc1cccc(NC(=O)c2ccc3c(c2)C(=O)N(c2ccc(Oc4cccc5c(Oc6ccc(N7C(=O)c8ccccc8C7=O)cc6)cccc45)cc2)C3=O)c1
351,538.5,C(=O)Nc1ccc(Sc2ccc(NC(=O)c3ccc4c(c3)C(=O)N(c3ccc(Oc5cccc6c(Oc7ccc(N8C(=O)c9ccccc9C8=O)cc7)cccc56)cc3)C4=O)cc2)cc1
352,558.5,C(=O)Nc1ccc(Oc2ccc(Oc3ccc(NC(=O)c4ccc5c(c4)C(=O)N(c4ccc(Oc6cccc7c(Oc8ccc(N9C(=O)c%10ccccc%10C9=O)cc8)cccc67)cc4)C5=O)cc3)cc2)cc1
353,583.5,C(=O)Nc1ccc(Oc2ccc(-c3ccc(Oc4ccc(NC(=O)c5ccc6c(c5)C(=O)N(c5ccc(Oc7cccc8c(Oc9ccc(N%10C(=O)c%11ccccc%11C%10=O)cc9)cccc78)cc5)C6=O)cc4)cc3)cc2)cc1
354,556.5,C(=O)Nc1ccc(C(c2ccc(NC(=O)c3ccc4c(c3)C(=O)N(c3ccc(Oc5cccc6c(Oc7ccc(N8C(=O)c9ccccc9C8=O)cc7)cccc56)cc3)C4=O)cc2)(C(F)(F)F)C(F)(F)F)cc1
355,508.5,C(=O)Nc1ccc(Oc2ccc(C(C)(C)c3ccc(Oc4ccc(NC(=O)c5ccc6c(c5)C(=O)N(c5ccc(Oc7cccc8c(Oc9ccc(N%10C(=O)c%11ccccc%11C%10=O)cc9)cccc78)cc5)C6=O)cc4)cc3)cc2)cc1
356,504.5,C(=O)Nc1ccc(Oc2ccc(C(c3ccc(Oc4ccc(NC(=O)c5ccc6c(c5)C(=O)N(c5ccc(Oc7cccc8c(Oc9ccc(N%10C(=O)c%11ccccc%11C%10=O)cc9)cccc78)cc5)C6=O)cc4)cc3)(C(F)(F)F)C(F)(F)F)cc2)cc1
357,533.5,C(=O)Nc1ccc(Oc2ccc(S(=O)(=O)c3ccc(Oc4ccc(NC(=O)c5ccc6c(c5)C(=O)N(c5ccc(Oc7cccc8c(Oc9ccc(N%10C(=O)c%11ccccc%11C%10=O)cc9)cccc78)cc5)C6=O)cc4)cc3)cc2)cc1
358,613.5,C(=O)Nc1ccc(-c2sc(-c3ccc(NC(=O)c4ccc5c(c4)C(=O)N(c4ccc(Oc6cccc7c(Oc8ccc(N9C(=O)c%10ccccc%10C9=O)cc8)cccc67)cc4)C5=O)cc3)c(-c3ccccc3)c2-c2ccccc2)cc1
359,466.5,C(=O)c1ccccc1-c1ccccc1C(=O)N1CCNCC1
360,499,C(=O)c1ccc(C(C)(CC)c2ccc(C(=O)N3CCNCC3)cc2)cc1
361,418.5,C(=O)CCC1(CCC(=O)N2CCNCC2)c2ccccc2-c2ccccc21
362,553.5,Oc1cccc(NC(=O)c2ccc(C(=O)Nc3ccccc3)cc2)c1
363,366.5,CNC(=O)CCCCC(=O)NCC1COCCO1
364,346.5,CNC(=O)CCCCCCCCC(=O)NCC1COCCO1
365,346.5,CC(=O)NCCCCCCNC(=O)CC1COCCO1
366,568,Oc1ccc(NC(=O)c2cc(NC(=O)c3ccccc3)cc(C(=O)Nc3ccccc3)c2)cc1
367,670,Oc1cccc(Oc2ccc3c(=O)n4c5cc(-c6ccc7c(c6)nc6c8cccc9cccc(c(=O)n76)c98)ccc5nc4c4cccc2c34)c1
368,643,Oc1cccc(Oc2ccc3c(=O)n4c5cc(Oc6ccc7c(c6)nc6c8cccc9cccc(c(=O)n76)c98)ccc5nc4c4cccc2c34)c1
369,686.5,Oc1ccc2cc(Oc3ccc4c(=O)n5c6cc(-c7ccc8c(c7)nc7c9cccc%10cccc(c(=O)n87)c%109)ccc6nc5c5cccc3c45)ccc2c1
370,649.5,Oc1ccccc1-c1ccccc1Oc1ccc2c(=O)n3c4cc(-c5ccc6c(c5)nc5c7cccc8cccc(c(=O)n65)c87)ccc4nc3c3cccc1c23
371,660,Oc1ccc(Sc2ccc(Oc3ccc4c(=O)n5c6cc(-c7ccc8c(c7)nc7c9cccc%10cccc(c(=O)n87)c%109)ccc6nc5c5cccc3c45)cc2)cc1
372,619.5,Oc1ccc(Sc2ccc(Oc3ccc4c(=O)n5c6cc(Oc7ccc8c(c7)nc7c9cccc%10cccc(c(=O)n87)c%109)ccc6nc5c5cccc3c45)cc2)cc1
373,688.5,Oc1ccc(S(=O)(=O)c2ccc(Oc3ccc4c(=O)n5c6cc(-c7ccc8c(c7)nc7c9cccc%10cccc(c(=O)n87)c%109)ccc6nc5c5cccc3c45)cc2)cc1
374,647.5,Oc1ccc(S(=O)(=O)c2ccc(Oc3ccc4c(=O)n5c6cc(Oc7ccc8c(c7)nc7c9cccc%10cccc(c(=O)n87)c%109)ccc6nc5c5cccc3c45)cc2)cc1
375,662.5,Oc1ccc(C(=O)c2ccc(Oc3ccc4c(=O)n5c6cc(-c7ccc8c(c7)nc7c9cccc%10cccc(c(=O)n87)c%109)ccc6nc5c5cccc3c45)cc2)cc1
376,653.5,Oc1ccc(C(C)(C)c2ccc(Oc3ccc4c(=O)n5c6cc(-c7ccc8c(c7)nc7c9cccc%10cccc(c(=O)n87)c%109)ccc6nc5c5cccc3c45)cc2)cc1
377,607.5,Oc1ccc(C(C)(C)c2ccc(Oc3ccc4c(=O)n5c6cc(Oc7ccc8c(c7)nc7c9cccc%10cccc(c(=O)n87)c%109)ccc6nc5c5cccc3c45)cc2)cc1
378,630.5,Oc1ccc(C(c2ccccc2)(c2ccccc2)c2ccc(Oc3ccc4c(=O)n5c6cc(-c7ccc8c(c7)nc7c9cccc%10cccc(c(=O)n87)c%109)ccc6nc5c5cccc3c45)cc2)cc1
379,694.5,Oc1ccc(C2(c3ccc(Oc4ccc5c(=O)n6c7cc(-c8ccc9c(c8)nc8c%10cccc%11cccc(c(=O)n98)c%11%10)ccc7nc6c6cccc4c56)cc3)c3ccccc3-c3ccccc32)cc1
380,669.5,Oc1ccc(C2(c3ccc(Oc4ccc5c(=O)n6c7cc(Oc8ccc9c(c8)nc8c%10cccc%11cccc(c(=O)n98)c%11%10)ccc7nc6c6cccc4c56)cc3)c3ccccc3-c3ccccc32)cc1
381,701.5,Oc1ccc(C2(c3ccc(Oc4ccc5c(=O)n6c7cc(-c8ccc9c(c8)nc8c%10cccc%11cccc(c(=O)n98)c%11%10)ccc7nc6c6cccc4c56)cc3)c3ccccc3C(=O)c3ccccc32)cc1
382,441.5,Oc1ccc2ccc(Oc3ccc(C(=O)Nc4cccc(NC(=O)c5ccccc5)c4)cc3)cc2c1
383,437.5,Oc1ccc2ccc(Oc3ccc(C(=O)Nc4cccc(Oc5ccc(NC(=O)c6ccccc6)cc5)c4)cc3)cc2c1
384,464.5,Oc1ccc2ccc(Oc3ccc(C(=O)Nc4ccc(Oc5ccc(Oc6ccc(NC(=O)c7ccccc7)cc6)cc5)cc4)cc3)cc2c1
385,428.5,Oc1ccc2ccc(Oc3ccc(C(=O)Nc4ccc(C(C)(C)c5ccc(C(C)(C)c6ccc(NC(=O)c7ccccc7)cc6)cc5)cc4)cc3)cc2c1
386,416.5,Oc1ccc2ccc(Oc3ccc(C(=O)Nc4ccc(Oc5ccc(C(C)(C)c6ccc(Oc7ccc(NC(=O)c8ccccc8)cc7)cc6)cc5)cc4)cc3)cc2c1
387,500.5,Oc1ccc2ccc(Oc3ccc(C(=O)Nc4ccc(Oc5ccc(S(=O)(=O)c6ccc(Oc7ccc(NC(=O)c8ccccc8)cc7)cc6)cc5)cc4)cc3)cc2c1
388,450.5,Oc1ccc2ccc(Oc3ccc(C(=O)Nc4ccc(Oc5ccc(C(C)(c6ccccc6)c6ccc(Oc7ccc(NC(=O)c8ccccc8)cc7)cc6)cc5)cc4)cc3)cc2c1
389,436.5,Oc1ccc2ccc(Oc3ccc(C(=O)Nc4ccc(Oc5ccc(C(c6ccc(Oc7ccc(NC(=O)c8ccccc8)cc7)cc6)(C(F)(F)F)C(F)(F)F)cc5)cc4)cc3)cc2c1
390,439.5,Oc1ccc2ccc(Oc3ccc(C(=O)Nc4ccc(Oc5ccc(C(C)(C)c6ccc(C(C)(C)c7ccc(Oc8ccc(NC(=O)c9ccccc9)cc8)cc7)cc6)cc5)cc4)cc3)cc2c1
391,545.5,c1ccc(NC(=O)c2ccc(C(=O)Nc3ccc(-c4nnco4)cc3)c(Oc3ccccc3)c2)cc1
392,518.5,c1ccc(Oc2ccc(NC(=O)c3ccc(C(=O)Nc4ccc(Oc5ccc(-c6nnco6)cc5)cc4)c(Oc4ccccc4)c3)cc2)cc1
393,507.5,c1ccc(Oc2cccc(NC(=O)c3ccc(C(=O)Nc4cccc(Oc5ccc(-c6nnco6)cc5)c4)c(Oc4ccccc4)c3)c2)cc1
394,508.5,c1ccc(C(=O)Nc2ccc(-c3nnco3)cc2)c(Oc2ccccc2)c1
395,544.1,c1ccc(Oc2ccc(C(=O)c3ccc(Oc4ccc(C5NC(=O)c6ccccc65)cc4)cc3)cc2)cc1
396,600.5,c1ccc(NC(=O)c2cc(C(=O)Nc3ccc(-c4nnco4)cc3)cc(N3C(=O)c4ccccc4C3=O)c2)cc1
397,558.5,c1ccc(Oc2ccc(NC(=O)c3cc(C(=O)Nc4ccc(Oc5ccc(-c6nnco6)cc5)cc4)cc(N4C(=O)c5ccccc5C4=O)c3)cc2)cc1
398,518.5,c1ccc(Oc2cccc(NC(=O)c3cc(C(=O)Nc4cccc(Oc5ccc(-c6nnco6)cc5)c4)cc(N4C(=O)c5ccccc5C4=O)c3)c2)cc1
399,548.5,c1ccc(Oc2cccc(NC(=O)c3cc(C(=O)Nc4cccc(Oc5ccc(-c6nnco6)cc5)c4)cc(N4C(=O)c5c(Cl)c(Cl)c(Cl)c(Cl)c5C4=O)c3)c2)cc1
400,597.5,c1cc(C(=O)Nc2ccc(-c3nnco3)cc2)cc(N2C(=O)c3ccccc3C2=O)c1
401,390.5,CC(O)COc1ccc(C(C)(C)c2ccc(OCC(O)COc3cccc(C(=O)Nc4cccc(O)c4)c3)cc2)cc1
402,392.5,CC(O)COc1ccc(C(C)(C)c2ccc(OCC(O)COc3cccc(NC(=O)C(=O)Nc4cccc(O)c4)c3)cc2)cc1
403,384.5,CC(O)COc1ccc(C(C)(C)c2ccc(OCC(O)COc3cccc(NC(=O)CCCC(=O)Nc4cccc(O)c4)c3)cc2)cc1
404,376.5,CC(O)COc1ccc(C(C)(C)c2ccc(OCC(O)COc3cccc(NC(=O)CCCCC(=O)Nc4cccc(O)c4)c3)cc2)cc1
405,380.5,CC(O)COc1ccc(C(C)(C)c2ccc(OCC(O)COc3cccc(NC(=O)CCCCCC(=O)Nc4cccc(O)c4)c3)cc2)cc1
406,365.5,CC(O)COc1ccc(C(C)(C)c2ccc(OCC(O)COc3cccc(NC(=O)CCCCCCC(=O)Nc4cccc(O)c4)c3)cc2)cc1
407,363.5,CC(O)COc1ccc(C(C)(C)c2ccc(OCC(O)COc3cccc(NC(=O)CCCCCCCCCCC(=O)Nc4cccc(O)c4)c3)cc2)cc1
408,392.5,CC(O)COc1ccc(C(C)(C)c2ccc(OCC(O)COc3cccc(NC(=O)Cc4cccc(CC(=O)Nc5cccc(O)c5)c4)c3)cc2)cc1
409,406.5,CC(O)COc1ccc(C(C)(C)c2ccc(OCC(O)COc3cccc(NC(=O)c4cccc(C(=O)Nc5cccc(O)c5)c4)c3)cc2)cc1
410,400.5,CC(O)COc1ccc(C(C)(C)c2ccc(OCC(O)COc3ccc(C(=O)Nc4ccc(O)cc4)cc3)cc2)cc1
411,394.5,CC(O)COc1ccc(C(C)(C)c2ccc(OCC(O)COc3ccccc3C(=O)Nc3ccc(O)cc3)cc2)cc1
412,378.5,CC(O)COc1ccc(C(C)(C)c2ccc(OCC(O)COc3ccc(NC(=O)CCCC(=O)Nc4ccc(O)cc4)cc3)cc2)cc1
413,385.5,CC(O)COc1ccc(C(C)(C)c2ccc(OCC(O)COc3ccc(NC(=O)CCCCC(=O)Nc4ccc(O)cc4)cc3)cc2)cc1
414,389.5,CC(O)COc1ccc(C(C)(C)c2ccc(OCC(O)COc3ccc(NC(=O)CCCCCC(=O)Nc4ccc(O)cc4)cc3)cc2)cc1
415,529.5,Oc1cccc2ccc(Oc3ccc(NC(=O)c4cccc(C(=O)Nc5ccccc5)c4)cc3)cc12
416,536.5,Oc1cccc2ccc(Oc3ccc(NC(=O)c4cc(C(=O)Nc5ccccc5)cc(C(C)(C)C)c4)cc3)cc12
417,509.5,Oc1cccc2ccc(Oc3ccc(NC(=O)c4ccc(Oc5ccc(C(=O)Nc6ccccc6)cc5)cc4)cc3)cc12
418,532.5,Oc1cccc2ccc(Oc3ccc(NC(=O)c4ccc(S(=O)(=O)c5ccc(C(=O)Nc6ccccc6)cc5)cc4)cc3)cc12
419,525.5,Oc1cccc2ccc(Oc3ccc(NC(=O)c4ccc(C(c5ccc(C(=O)Nc6ccccc6)cc5)(C(F)(F)F)C(F)(F)F)cc4)cc3)cc12
420,497.5,Oc1cccc2ccc(Oc3ccc(NC(=O)c4ccc(Oc5ccc(Oc6ccc(C(=O)Nc7ccccc7)cc6)cc5)cc4)cc3)cc12
421,469.5,Oc1cccc2ccc(Oc3ccc(NC(=O)c4ccc(Oc5cccc(Oc6ccc(C(=O)Nc7ccccc7)cc6)c5)cc4)cc3)cc12
422,453.5,Oc1cccc2ccc(Oc3ccc(NC(=O)c4ccc(Oc5ccccc5Oc5ccc(C(=O)Nc6ccccc6)cc5)cc4)cc3)cc12
423,491.5,Oc1cccc2ccc(Oc3ccc(NC(=O)c4ccc(Oc5ccc(S(=O)(=O)c6ccc(Oc7ccc(C(=O)Nc8ccccc8)cc7)cc6)cc5)cc4)cc3)cc12
424,485.5,Oc1cccc2ccc(Oc3ccc(NC(=O)c4ccc(Oc5ccc(C(C)(c6ccccc6)c6ccc(Oc7ccc(C(=O)Nc8ccccc8)cc7)cc6)cc5)cc4)cc3)cc12
425,412.5,Oc1cccc2ccc(Oc3ccc(NC(=O)c4ccc(Oc5ccc(C(C)(C)c6cccc(C(C)(C)c7ccc(Oc8ccc(C(=O)Nc9ccccc9)cc8)cc7)c6)cc5)cc4)cc3)cc12
426,524.5,Oc1ccc(C(=O)Nc2ccccc2-c2ccc(NC(=O)c3ccccc3)cc2)cc1
427,522.5,Oc1ccc(C(=O)Nc2ccc(Br)cc2-c2ccc(NC(=O)c3ccccc3)cc2)cc1
428,525.5,C(=O)NNC(=O)c1ccc([Si](c2ccccc2)(c2ccccc2)c2ccc(C(=O)NNC(=O)c3ccco3)cc2)cc1
429,533.5,c1ccc(Oc2ccc(-c3nc4cc(Oc5ccc(NC(=O)c6cc(C(=O)Nc7ccc(Oc8ccc9nc(-c%10ccccc%10)cnc9c8)cc7)cc(N7C(=O)c8ccccc8C7=O)c6)cc5)ccc4nc3-c3ccccc3)cc2)cc1
430,578.5,c1ccc(Oc2ccc(-c3nc4cc(Oc5ccc(NC(=O)c6cc(C(=O)Nc7ccc(Oc8ccc9nc(-c%10ccc([N+](=O)[O-])cc%10)cnc9c8)cc7)cc(N7C(=O)c8ccccc8C7=O)c6)cc5)ccc4nc3-c3ccc([N+](=O)[O-])cc3)cc2)cc1
431,568.5,c1ccc(Oc2ccc(-c3nc4cc(Oc5ccc(NC(=O)c6cc(C(=O)Nc7ccc(Oc8ccc9nc(-c%10ccccc%10)cnc9c8)cc7)cc(N7C(=O)c8c(Cl)c(Cl)c(Cl)c(Cl)c8C7=O)c6)cc5)ccc4nc3-c3ccccc3)cc2)cc1
432,433.5,Oc1ccc(NC(=O)c2ccc(C(=O)Nc3ccc(Oc4ccc(C(=O)c5ccccc5)cc4)cc3)cc2)cc1
433,418.5,Oc1ccc(NC(=O)c2cccc(C(=O)Nc3ccc(Oc4ccc(C(=O)c5ccccc5)cc4)cc3)c2)cc1
434,443.5,C(=O)Nc1ccc(Oc2ccc(C(=O)c3ccc(Oc4ccc(NC(=O)c5cccnc5)cc4)cc3)cc2)cc1
435,399.5,Oc1cccc(NC(=O)c2ccc(C(=O)Nc3ccc(Oc4ccc(C(=O)c5ccccc5)cc4)cc3)cc2)c1
436,387.5,Oc1cccc(NC(=O)c2cccc(C(=O)Nc3ccc(Oc4ccc(C(=O)c5ccccc5)cc4)cc3)c2)c1
437,427.5,C(=O)Nc1cccc(Oc2ccc(C(=O)c3ccc(Oc4cccc(NC(=O)c5cccnc5)c4)cc3)cc2)c1
438,556.5,Oc1ccc(S(=O)(=O)c2ccc(Oc3ccc(NC(=O)c4cc(NC(=O)c5ccncc5)cc(C(=O)Nc5ccccc5)c4)cc3)cc2)cc1
439,533.5,Oc1ccc(S(=O)(=O)c2ccc(Oc3ccc(NC(=O)c4cccc(C(=O)Nc5ccccc5)c4)cc3)cc2)cc1
440,578.5,Oc1ccc(NC(=O)c2cc(NC(=O)c3ccncc3)cc(C(=O)Nc3ccccc3)c2)cc1
441,460.5,Oc1ccc(C(=O)c2ccc(NC(=O)c3ccc(C(=O)Nc4ccc(C(=O)c5ccccc5)cc4)cc3)cc2)cc1
442,462.5,Oc1ccc(C(=O)c2cccc(NC(=O)c3ccc(C(=O)Nc4cccc(C(=O)c5ccccc5)c4)cc3)c2)cc1
443,497.5,Oc1ccc(Oc2ccc(C(=O)c3ccc(NC(=O)c4ccc(C(=O)Nc5ccc(C(=O)c6ccccc6)cc5)cc4)cc3)cc2)cc1
444,483.5,Oc1ccc(Oc2ccc(C(=O)c3cccc(NC(=O)c4ccc(C(=O)Nc5cccc(C(=O)c6ccccc6)c5)cc4)c3)cc2)cc1
445,463.5,Oc1cccc(Oc2ccc(C(=O)c3ccc(NC(=O)c4ccc(C(=O)Nc5ccc(C(=O)c6ccccc6)cc5)cc4)cc3)cc2)c1
446,478,Oc1ccc(C(=O)c2ccc(NC(=O)c3cccc(C(=O)Nc4ccc(C(=O)c5ccccc5)cc4)c3)cc2)cc1
447,477.5,Oc1ccc(C(=O)c2cccc(NC(=O)c3cccc(C(=O)Nc4ccc(C(=O)c5ccccc5)cc4)c3)c2)cc1
448,464.5,Oc1ccc(C(=O)c2cccc(NC(=O)c3cccc(C(=O)Nc4cccc(C(=O)c5ccccc5)c4)c3)c2)cc1
449,471.5,Oc1ccc(Oc2ccc(C(=O)c3ccc(NC(=O)c4cccc(C(=O)Nc5ccc(C(=O)c6ccccc6)cc5)c4)cc3)cc2)cc1
450,475.5,Oc1ccc(Oc2ccc(C(=O)c3cccc(NC(=O)c4cccc(C(=O)Nc5cccc(C(=O)c6ccccc6)c5)c4)c3)cc2)cc1
451,487.5,Oc1cccc(Oc2ccc(C(=O)c3ccc(NC(=O)c4cccc(C(=O)Nc5ccc(C(=O)c6ccccc6)cc5)c4)cc3)cc2)c1
452,421.5,Oc1ccc(C(=O)c2cccc(NC(=O)CCCCCCCCC(=O)Nc3ccc(C(=O)c4ccccc4)cc3)c2)cc1
453,414.5,Oc1ccc(C(=O)c2cccc(NC(=O)CCCCCCCCC(=O)Nc3cccc(C(=O)c4ccccc4)c3)c2)cc1
454,403.5,Oc1ccc(Oc2ccc(C(=O)c3ccc(NC(=O)CCCCCCCCC(=O)Nc4ccc(C(=O)c5ccccc5)cc4)cc3)cc2)cc1
455,417.5,Oc1ccc(Oc2ccc(C(=O)c3cccc(NC(=O)CCCCCCCCC(=O)Nc4cccc(C(=O)c5ccccc5)c4)c3)cc2)cc1
456,416.5,Oc1cccc(Oc2ccc(C(=O)c3ccc(NC(=O)CCCCCCCCC(=O)Nc4ccc(C(=O)c5ccccc5)cc4)cc3)cc2)c1
457,453.5,Oc1ccc(NC(=O)c2cccc(C(=O)Nc3ccc(Oc4ccc(C(C)(C)c5cccc(C(C)(C)c6ccccc6)c5)cc4)cc3)c2)cc1
458,439.5,Oc1ccc(C(=O)O)c(C(=O)Nc2ccc(NC(=O)c3ccccc3C(=O)O)cc2)c1
459,405,CCCCCOc1cccc(NC(=O)c2cccc(C(=O)Nc3cccc(O)c3)c2)c1
460,395.5,CCCCCCCCOc1cccc(NC(=O)c2ccc(C(=O)Nc3cccc(O)c3)cc2)c1
461,428.5,CCCCCOc1ccc(NC(=O)c2cccc(C(=O)Nc3ccc(O)cc3)c2)cc1
462,457.5,Oc1ccc(NC(=O)c2cc(-c3ccc(C(=O)O)c(C(=O)Nc4ccccc4)c3)ccc2C(=O)O)cc1
463,488.83,Oc1ccc(NC(=O)c2cc(C(=O)Nc3ccc(Oc4ccc(C(C)(C)c5ccccc5)cc4)cc3)cc(C(C)(C)C)c2)cc1
464,498.5,Oc1ccc(NC(=O)c2ccccc2)cc1
465,575.5,c1ccc(-c2nc3cc(Oc4ccc(NC(=O)c5cc(C(=O)Nc6ccc(Oc7ccc8nc(-c9ccccc9)cnc8c7)cc6)cc(N6C(=O)c7ccccc7C6=O)c5)cc4)ccc3nc2-c2ccccc2)cc1
466,492.5,Oc1ccc(Oc2ccc(NC(=O)c3ccc(-c4ccc(C(=O)Nc5ccccc5)c(C)c4)cc3C)cc2)cc1
467,486.5,Oc1cccc(Oc2ccc(NC(=O)c3ccc(-c4ccc(C(=O)Nc5ccccc5)c(C)c4)cc3C)cc2)c1
468,473.5,Oc1ccc(Oc2ccc(Oc3ccc(NC(=O)c4ccc(-c5ccc(C(=O)Nc6ccccc6)c(C)c5)cc4C)cc3)cc2)cc1
469,524.5,Oc1ccc(S(=O)(=O)c2ccc(Oc3ccc(NC(=O)c4ccc(-c5ccc(C(=O)Nc6ccccc6)c(C)c5)cc4C)cc3)cc2)cc1
470,493.5,Oc1ccc(S(=O)(=O)c2ccc(Oc3cccc(NC(=O)c4ccc(-c5ccc(C(=O)Nc6ccccc6)c(C)c5)cc4C)c3)cc2)cc1
471,503.5,Oc1ccc(NC(=O)c2ccc(-c3ccc(C(=O)Nc4ccc(Oc5ccc(C(C)(C)c6ccccc6)cc5)cc4)c(C)c3)cc2C)cc1
472,402,CCOCCOc1cccc(NC(=O)c2cccc(C(=O)Nc3cccc(O)c3)c2)c1
473,413.5,CCOCCOc1cccc(NC(=O)c2ccc(C(=O)Nc3cccc(O)c3)cc2)c1
474,428.5,CCOCCOc1ccc(NC(=O)c2cccc(C(=O)Nc3ccc(O)cc3)c2)cc1
475,384.5,CCOCCOCCOc1cccc(NC(=O)c2cccc(C(=O)Nc3cccc(O)c3)c2)c1
476,389.5,CCOCCOCCOc1cccc(NC(=O)c2ccc(C(=O)Nc3cccc(O)c3)cc2)c1
477,402.5,CCOCCOCCOc1ccc(NC(=O)c2cccc(C(=O)Nc3ccc(O)cc3)c2)cc1
478,408.5,CCCCCOc1cccc(NC(=O)c2ccc(C(=O)Nc3cccc(O)c3)cc2)c1
479,390.5,CCCCCCCCOc1cccc(NC(=O)c2cccc(C(=O)Nc3cccc(O)c3)c2)c1
480,401.5,CCCCCCCCOc1ccc(NC(=O)c2cccc(C(=O)Nc3ccc(O)cc3)c2)cc1
481,547.5,Oc1ccc(NC(=C(C#N)C#N)c2cccc(C(Nc3ccc(Oc4ccc(NC(=O)c5ccc(C(=O)Nc6ccccc6)cc5)cc4)cc3)=C(C#N)C#N)c2)cc1
482,546.5,Oc1ccc(NC(=O)c2cc(NC(=O)c3ccc(OC(C)=O)cc3)cc(C(=O)Nc3ccccc3)c2)cc1
483,524.5,Oc1cccc(NC(=O)c2cc(NC(=O)c3ccc(OC(C)=O)cc3)cc(C(=O)Nc3ccccc3)c2)c1
484,524.5,Oc1ccc(Oc2ccc(NC(=O)c3cc(NC(=O)c4ccc(OC(C)=O)cc4)cc(C(=O)Nc4ccccc4)c3)cc2)cc1
485,503.5,Oc1cccc(Oc2ccc(NC(=O)c3cc(NC(=O)c4ccc(OC(C)=O)cc4)cc(C(=O)Nc4ccccc4)c3)cc2)c1
486,536.5,Oc1ccc(S(=O)(=O)c2ccc(Oc3ccc(NC(=O)c4cc(NC(=O)c5ccc(OC(C)=O)cc5)cc(C(=O)Nc5ccccc5)c4)cc3)cc2)cc1
487,516.5,Oc1ccc(NC(=O)c2cc(NC(=O)c3ccc(OC(C)=O)cc3)cc(C(=O)Nc3ccc(Oc4ccc(C(C)(C)c5ccccc5)cc4)cc3)c2)cc1
488,525.5,Oc1ccc(NC(=O)c2cc(NC(=O)c3ccc(OC(C)=O)cc3)cc(C(=O)Nc3ccc(Oc4ccc(-c5ccccc5)cc4)cc3)c2)cc1
489,313.5,CCCNC(=O)CCCCCCCCC(=O)NCCCOCCOCCO
490,317.5,CCCNC(=O)C(Cc1ccccc1)NC(=O)CCCCCCCCC(=O)NC(Cc1ccccc1)C(=O)NCCCOCCOCCO
491,309.5,CCCNC(=O)CNC(=O)C(Cc1ccccc1)NC(=O)CCCCCCCCC(=O)NC(Cc1ccccc1)C(=O)NCC(=O)NCCCOCCOCCO
492,331.5,CCCNC(=O)CNC(=O)C(NC(=O)C(Cc1ccccc1)NC(=O)CCCCCCCCC(=O)NC(Cc1ccccc1)C(=O)NC(C(=O)NCC(=O)NCCCOCCOCCO)C(C)C)C(C)C
493,339.5,CCCNC(=O)C(NC(=O)C(Cc1ccccc1)NC(=O)CCCCCCCCC(=O)NC(Cc1ccccc1)C(=O)NC(C(=O)NCCCOCCOCCO)C(C)C)C(C)C
494,400.5,CCCCCCOc1ccc(-c2cc(-c3ccccc3)c(-c3ccc(NC(=O)c4ccc(C(=O)Nc5ccc(-c6c(-c7ccccc7)cc(-c7ccc(O)cc7)cc6-c6ccccc6)cc5)cc4)cc3)c(-c3ccccc3)c2)cc1
495,389.5,CCCCCCCCCCOc1ccc(-c2cc(-c3ccccc3)c(-c3ccc(NC(=O)c4ccc(C(=O)Nc5ccc(-c6c(-c7ccccc7)cc(-c7ccc(O)cc7)cc6-c6ccccc6)cc5)cc4)cc3)c(-c3ccccc3)c2)cc1
496,395,CCCCCCOc1ccc(-c2cc(-c3ccc(-c4ccccc4)cc3)c(-c3ccc(NC(=O)c4ccc(C(=O)Nc5ccc(-c6c(-c7ccc(-c8ccccc8)cc7)cc(-c7ccc(O)cc7)cc6-c6ccc(-c7ccccc7)cc6)cc5)cc4)cc3)c(-c3ccc(-c4ccccc4)cc3)c2)cc1
497,384.5,CCCCCCCCCCOc1ccc(-c2cc(-c3ccc(-c4ccccc4)cc3)c(-c3ccc(NC(=O)c4ccc(C(=O)Nc5ccc(-c6c(-c7ccc(-c8ccccc8)cc7)cc(-c7ccc(O)cc7)cc6-c6ccc(-c7ccccc7)cc6)cc5)cc4)cc3)c(-c3ccc(-c4ccccc4)cc3)c2)cc1
498,549.5,Oc1ccc(NC(=O)c2ccc3cc(C(=O)Nc4ccc(Oc5ccc(C6(c7ccccc7)CC7CCC6C7)cc5)cc4)ccc3c2)cc1
499,569.5,Oc1ccc(NC(=O)c2ccc(-c3ccc(C(=O)Nc4ccc(Oc5ccc(C6(c7ccccc7)CC7CCC6C7)cc5)cc4)cc3)cc2)cc1
500,560.5,Oc1ccc(NC(=O)c2ccc(S(=O)(=O)c3ccc(C(=O)Nc4ccc(Oc5ccc(C6(c7ccccc7)CC7CCC6C7)cc5)cc4)cc3)cc2)cc1
501,554.5,Oc1ccc(NC(=O)c2ccc(C(=O)Nc3ccc(Oc4ccc(C5(c6ccccc6)CC6CCC5C6)cc4)cc3)cc2)cc1
502,529.5,Oc1ccc(NC(=O)c2cccc(C(=O)Nc3ccc(Oc4ccc(C5(c6ccccc6)CC6CCC5C6)cc4)cc3)c2)cc1
503,545.5,Oc1ccc(NC(=O)c2cc(C(=O)Nc3ccc(Oc4ccc(C5(c6ccccc6)CC6CCC5C6)cc4)cc3)cc(C(C)(C)C)c2)cc1
504,337.5,Oc1ccc(CC(NC(=O)CCc2ccc(OC(=O)COCC=O)cc2)C(=O)OCCCC)cc1
505,349.5,Oc1ccc(CC(NC(=O)CCc2ccc(OC(=O)COCC=O)cc2)C(=O)OCc2ccccc2)cc1
506,309.5,Oc1ccc(CC(NC(=O)CCc2ccc(OC(=O)COCC=O)cc2)C(=O)OCCCCCCCCCCCC)cc1
507,352.5,Oc1ccc(CC(NC(=O)CCc2ccc(OC(=O)COCC=O)cc2)C(=O)OCC)cc1
508,300.5,Oc1ccc(CC(NC(=O)CCc2ccc(OC(=O)COCC=O)cc2)C(=O)OCCOCCOCC)cc1
509,318.5,Oc1ccc(CC(NC(=O)CCc2ccc(OC(=O)COCC=O)cc2)C(=O)OCCCCCC)cc1
510,355.5,Oc1ccc(CC(NC(=O)CCc2ccc(OC(=O)COCC=O)cc2)C(=O)OC)cc1
511,313.5,Oc1ccc(CC(NC(=O)CCc2ccc(OC(=O)COCC=O)cc2)C(=O)OCCCCCCCC)cc1
512,345.5,Oc1ccc(CC(NC(=O)CCc2ccc(OC(=O)COCC=O)cc2)C(=O)OCC(C)C)cc1
513,353.5,Oc1ccc(CC(NC(=O)CCc2ccc(OC(=O)COCC=O)cc2)C(=O)OC(C)C)cc1
514,341.5,Oc1ccc(CC(NC(=O)CCc2ccc(OC(=O)COCC=O)cc2)C(=O)OC(C)CC)cc1
515,318.5,Oc1ccc(CC(NC(=O)CCc2ccc(OC(=O)COCCOCC=O)cc2)C(=O)OCCCC)cc1
516,328.5,Oc1ccc(CC(NC(=O)CCc2ccc(OC(=O)COCCOCC=O)cc2)C(=O)OCc2ccccc2)cc1
517,290.5,Oc1ccc(CC(NC(=O)CCc2ccc(OC(=O)COCCOCC=O)cc2)C(=O)OCCCCCCCCCCCC)cc1
518,326.5,Oc1ccc(CC(NC(=O)CCc2ccc(OC(=O)COCCOCC=O)cc2)C(=O)OCC)cc1
519,291.5,Oc1ccc(CC(NC(=O)CCc2ccc(OC(=O)COCCOCC=O)cc2)C(=O)OCCOCCOCC)cc1
520,301.5,Oc1ccc(CC(NC(=O)CCc2ccc(OC(=O)COCCOCC=O)cc2)C(=O)OCCCCCC)cc1
521,336.5,Oc1ccc(CC(NC(=O)CCc2ccc(OC(=O)COCCOCC=O)cc2)C(=O)OC)cc1
522,289.5,Oc1ccc(CC(NC(=O)CCc2ccc(OC(=O)COCCOCC=O)cc2)C(=O)OCCCCCCCC)cc1
523,323.5,Oc1ccc(CC(NC(=O)CCc2ccc(OC(=O)COCCOCC=O)cc2)C(=O)OCC(C)C)cc1
524,331.5,Oc1ccc(CC(NC(=O)CCc2ccc(OC(=O)COCCOCC=O)cc2)C(=O)OC(C)C)cc1
525,317.5,Oc1ccc(CC(NC(=O)CCc2ccc(OC(=O)COCCOCC=O)cc2)C(=O)OC(C)CC)cc1
526,339.5,Oc1ccc(CC(NC(=O)Cc2ccc(OC(=O)COCC=O)cc2)C(=O)OCC)cc1
527,319.5,Oc1ccc(CC(NC(=O)Cc2ccc(OC(=O)COCC=O)cc2)C(=O)OCCCCCC)cc1
528,324.5,Oc1ccc(CC(NC(=O)Cc2ccc(OC(=O)COCC=O)cc2)C(=O)OCCCCCCCC)cc1
529,323.5,Oc1ccc(CC(NC(=O)Cc2ccc(OC(=O)COCCOCC=O)cc2)C(=O)OCC)cc1
530,304.5,Oc1ccc(CC(NC(=O)Cc2ccc(OC(=O)COCCOCC=O)cc2)C(=O)OCCCCCC)cc1
531,296.5,Oc1ccc(CC(NC(=O)Cc2ccc(OC(=O)COCCOCC=O)cc2)C(=O)OCCCCCCCC)cc1
532,412.5,CCCC(=O)NNC(=O)c1ccc(C(=O)NNC(=O)CCCOc2ccc(O)c(C)c2)cc1
533,423.5,CCCCC(=O)NNC(=O)c1ccc(C(=O)NNC(=O)CCCCOc2ccc(O)c(C)c2)cc1
534,399.5,CCCCCC(=O)NNC(=O)c1ccc(C(=O)NNC(=O)CCCCCOc2ccc(O)c(C)c2)cc1
535,537.5,Oc1ccc(NC(=O)c2ccc(C(=O)Nc3ccc(Oc4ccc(C5(c6ccccc6)C6CC7CC(C6)CC5C7)cc4)cc3)cc2)cc1
536,530.83,Oc1ccc(NC(=O)c2cccc(C(=O)Nc3ccc(Oc4ccc(C5(c6ccccc6)C6CC7CC(C6)CC5C7)cc4)cc3)c2)cc1
537,503.5,Oc1ccc(NC(=O)c2ccc(Oc3ccc(C(=O)Nc4ccc(Oc5ccc(C6(c7ccccc7)C7CC8CC(C7)CC6C8)cc5)cc4)cc3)cc2)cc1
538,525.5,Oc1ccc(NC(=O)c2ccc(S(=O)(=O)c3ccc(C(=O)Nc4ccc(Oc5ccc(C6(c7ccccc7)C7CC8CC(C7)CC6C8)cc5)cc4)cc3)cc2)cc1
539,514.5,Oc1ccc(NC(=O)c2ccc(C(c3ccc(C(=O)Nc4ccc(Oc5ccc(C6(c7ccccc7)C7CC8CC(C7)CC6C8)cc5)cc4)cc3)(C(F)(F)F)C(F)(F)F)cc2)cc1
540,539.5,Oc1ccc(NC(=O)c2ccc3cc(C(=O)Nc4ccc(Oc5ccc(C6(c7ccccc7)C7CC8CC(C7)CC6C8)cc5)cc4)ccc3c2)cc1
541,542.5,Oc1ccc(NC(=O)c2ccc(C(=O)Nc3ccc(Oc4ccc(C5(c6ccccc6)C6CC7CC(C6)CC5C7)cc4)cc3)c3ccccc23)cc1
542,533.5,Oc1ccc(NC(=O)c2cc(C(c3ccc(C(=O)O)c(C(=O)Nc4ccc(Oc5ccc(C(c6ccccc6)(C(F)(F)F)C(F)(F)F)cc5)cc4)c3)(C(F)(F)F)C(F)(F)F)ccc2C(=O)O)cc1
543,568,c1ccc(S(=O)(=O)c2ccc(-n3nc(-c4ccccc4)c4ccc(Oc5ccc6c(-c7ccccc7)nnc(=O)c6c5)cc4c3=O)cc2)cc1
544,484,c1ccc(S(=O)(=O)c2ccc(-n3nc(-c4ccccc4)c4cc(Oc5ccc(C(C)(C)c6ccc(Oc7ccc8c(-c9ccccc9)nnc(=O)c8c7)cc6)cc5)ccc4c3=O)cc2)cc1
545,549,c1ccc(C(=O)c2ccc(-n3nc(-c4ccccc4)c4cc(Oc5ccc6c(-c7ccccc7)nnc(=O)c6c5)ccc4c3=O)cc2)cc1
546,468.5,c1ccc(C(=O)c2ccc(-n3nc(-c4ccccc4)c4cc(Oc5ccc(C(C)(C)c6ccc(Oc7ccc8c(-c9ccccc9)nnc(=O)c8c7)cc6)cc5)ccc4c3=O)cc2)cc1
547,574.5,c1cccc(-n2nc(-c3ccccc3)c3cc(Oc4ccc5c(-c6ccccc6)nnc(=O)c5c4)ccc3c2=O)c1C#N
548,473.5,c1cccc(-n2nc(-c3ccccc3)c3cc(Oc4ccc(C(C)(C)c5ccc(Oc6ccc7c(-c8ccccc8)nnc(=O)c7c6)cc5)cc4)ccc3c2=O)c1C#N
549,568.5,c1ccc(S(=O)(=O)c2ccc(-n3nc(-c4ccc(Oc5ccc(-c6nnc(=O)c7ccccc67)cc5)cc4)c4ccccc4c3=O)cc2)cc1
550,574.5,c1ccc(C(=O)c2ccc(-n3nc(-c4ccc(Oc5ccc(-c6nnc(=O)c7ccccc67)cc5)cc4)c4ccccc4c3=O)cc2)cc1
551,536.5,c1ccc(C(=O)c2ccc(Oc3ccc(-c4nnc(=O)c5ccccc45)cc3)cc2)cc1
552,463.5,Oc1ccc(NC(=O)c2cc(-c3ccc(C(=O)OCC)c(C(=O)Nc4ccccc4)c3)ccc2C(=O)OCC)cc1
553,481,Oc1ccc(NC(=O)c2cc(C(=O)Nc3ccccc3)c(C(=O)OCC)cc2C(=O)OCC)cc1
554,371,OC(=O)C(Cc1ccccc1)NC(=O)CCCCC(=O)NC(Cc1ccccc1)C(=O)OC1COC2CCOC12
555,364.5,OC(=O)C(Cc1ccccc1)NC(=O)CCCCCCC(=O)NC(Cc1ccccc1)C(=O)OC1COC2CCOC12
556,347.5,OC(=O)C(Cc1ccccc1)NC(=O)CCCCCCCCC(=O)NC(Cc1ccccc1)C(=O)OC1COC2CCOC12
557,349.5,OC(=O)C(Cc1ccccc1)NC(=O)CCCCCCCCCCC(=O)NC(Cc1ccccc1)C(=O)OC1COC2CCOC12
558,364.5,OC(=O)C(CC(C)C)NC(=O)CCCCC(=O)NC(CC(C)C)C(=O)OC1COC2CCOC12
559,362.5,OC(=O)C(CC(C)C)NC(=O)CCCCCCCCC(=O)NC(CC(C)C)C(=O)OC1COC2CCOC12
560,375.5,OC(=O)C(NC(=O)CCCCC(=O)NC(C(=O)OC1COC2CCOC12)C(C)CC)C(C)CC
561,364.5,OC(=O)C(NC(=O)CCCCCCCCC(=O)NC(C(=O)OC1COC2CCOC12)C(C)CC)C(C)CC
562,344.5,OC(=O)C(CCSC)NC(=O)CCCCC(=O)NC(CCSC)C(=O)OC1COC2CCOC12
563,334.5,OC(=O)C(CCSC)NC(=O)CCCCCCCCC(=O)NC(CCSC)C(=O)OC1COC2CCOC12
564,329.5,OC(=O)C(C)NC(=O)CCCCC(=O)NC(C)C(=O)OC1COC2CCOC12
565,318.5,OC(=O)C(C)NC(=O)CCCCCC(=O)NC(C)C(=O)OC1COC2CCOC12
566,330.5,OC(=O)C(C)NC(=O)CCCCCCC(=O)NC(C)C(=O)OC1COC2CCOC12
567,319.5,OC(=O)C(C)NC(=O)CCCCCCCC(=O)NC(C)C(=O)OC1COC2CCOC12
568,330.5,OC(=O)C(C)NC(=O)CCCCCCCCC(=O)NC(C)C(=O)OC1COC2CCOC12
569,301.5,OC(=O)C(C)NC(=O)CCCCCCCCCCC(=O)NC(C)C(=O)OC1COC2CCOC12
570,339.5,OC(=O)CNC(=O)CCCCCCCCC(=O)NCC(=O)OC1COC2CCOC12
571,320.5,OC(=O)CNC(=O)CNC(=O)CCCCCCCCC(=O)NCC(=O)NCC(=O)OC1COC2CCOC12
572,481.5,Oc1ccc(Oc2ccc(NC(=O)c3cccc(C(=O)Nc4ccccc4)c3)cc2)cc1C(C)(C)C
573,577.5,Oc1ccc(NC(=O)c2ccc(NC(=O)c3ccc([Si](C)(C)c4ccc(C(=O)Nc5ccc(C(=O)Nc6ccccc6)cc5)cc4)cc3)cc2)cc1
574,508.5,Oc1ccc(N(CC)c2ccc(C=C(C#N)C(=O)NC3CCCCC3NC(=O)C(C#N)=Cc3ccc(N(CC)c4ccccc4)cc3)cc2)cc1
575,499.5,c1ccc(CC(=O)Nc2ccc(Oc3ccc(NC(=O)Cc4ccc(-c5scc(-c6ccccc6)c5-c5ccccc5)cc4)cc3)cc2)cc1
576,518.5,c1ccc(Oc2ccc(C(=O)c3ccc(Oc4ccc(C5c6ccccc6C(=O)N5C)cc4)cc3)cc2)cc1
577,373.5,Oc1cccc(Oc2ccc(C(=O)O)c(C(=O)Nc3ccc(Oc4ccc(-c5ccc(Oc6ccc(NC(=O)c7ccccc7C(=O)O)cc6)cc5)cc4)cc3)c2)c1
578,340.5,OC(F)(C(=O)N([Li])S(=O)(=O)C(F)(F)C(F)F)C(F)(F)F
579,530,Oc1ccc(C(=O)NNC(=O)c2ccccc2)cc1
580,513.5,Oc1ccc(NC(=O)c2cc(NC(=O)CCN3C(=O)c4ccccc4C3=O)cc(C(=O)Nc3ccccc3)c2)cc1
581,498.5,Oc1ccc(NC(=O)c2cc(NC(=O)CCCN3C(=O)c4ccccc4C3=O)cc(C(=O)Nc3ccccc3)c2)cc1
582,473.5,Oc1ccc(NC(=O)c2cc(NC(=O)CCCCCN3C(=O)c4ccccc4C3=O)cc(C(=O)Nc3ccccc3)c2)cc1
583,433.5,Oc1ccc(NC(=O)c2cc(NC(=O)CCCCCCCCCCN3C(=O)c4ccccc4C3=O)cc(C(=O)Nc3ccccc3)c2)cc1
584,516.5,Oc1ccc(C(=O)Nc2ccc(C(c3ccc(NC(=O)c4ccccc4)cc3)(P3(=O)Oc4ccccc4-c4ccccc43)P3(=O)Oc4ccccc4-c4ccccc43)cc2)cc1
585,390.5,SCC(=O)NN=Cc1ccc(OCCCCCCCCCCOc2ccc(C=NNC(=O)CSc3nncs3)cc2)cc1
586,429.5,SCC(=O)NN=Cc1ccc(OCCCCCCCCCCOc2ccc(C=NNC(=O)CSc3nncs3)cc2OC)c(OC)c1
587,560.5,c1ccc(C(=O)c2ccc(C(=O)c3ccc(Oc4ccc(-c5nnc(=O)c6ccccc56)c(F)c4)cc3)cc2)cc1
588,526.5,c1ccc(C(=O)c2ccc(Oc3ccc(-c4nnc(=O)c5ccccc45)c(F)c3)cc2)cc1
589,556.5,c1ccc(S(=O)(=O)c2ccc(Oc3ccc(-c4nnc(=O)c5ccccc45)c(F)c3)cc2)cc1
590,526.5,c1c(F)c(F)c(-c2c(F)c(F)c(Oc3ccc(-c4nnc(=O)c5ccccc45)c(F)c3)c(F)c2F)c(F)c1F
591,455.5,Oc1ccc(C(=O)Nc2cc(NC(=O)c3ccccc3)cc(C(=O)OCCOC(=O)C=Cc3ccc(N(C)C)cc3)c2)cc1
592,583.5,Oc1ccc(C(=O)Nc2ccc(S(=O)(=O)c3ccc(NC(=O)c4ccc(Oc5ncnc(Sc6ccccc6)n5)cc4)cc3)cc2)cc1
593,575.5,Oc1ccc(C(=O)Nc2ccc(Cc3ccc(NC(=O)c4ccc(Oc5ncnc(Sc6ccccc6)n5)cc4)cc3)cc2)cc1
594,552.5,Oc1cccc(C(=O)Nc2ccc(-c3ccc(NC(=O)c4cccc(Oc5ncnc(Sc6ccccc6)n5)c4)cc3)cc2)c1
595,577.5,Oc1cccc(C(=O)Nc2ccc(S(=O)(=O)c3ccc(NC(=O)c4cccc(Oc5ncnc(Sc6ccccc6)n5)c4)cc3)cc2)c1
596,608.5,Oc1ccc(C(=O)Nc2cc(NC(=O)c3ccccc3)cc(-c3nc4ccccc4[nH]3)c2)cc1
597,548.5,CCOc1ccc(C(=O)Nc2cc(NC(=O)c3ccc(O)cc3)cc(-c3nc4ccccc4[nH]3)c2)cc1
598,503.5,CCOCCOc1ccc(C(=O)Nc2cc(NC(=O)c3ccc(O)cc3)cc(-c3nc4ccccc4[nH]3)c2)cc1
599,438.5,CCOCCOCCOc1ccc(C(=O)Nc2cc(NC(=O)c3ccc(O)cc3)cc(-c3nc4ccccc4[nH]3)c2)cc1
600,436.5,CCOCCOCCOCCOc1ccc(C(=O)Nc2cc(NC(=O)c3ccc(O)cc3)cc(-c3nc4ccccc4[nH]3)c2)cc1
601,418.5,CCOCCOCCOCCOCCOc1ccc(C(=O)Nc2cc(NC(=O)c3ccc(O)cc3)cc(-c3nc4ccccc4[nH]3)c2)cc1
602,398.5,CCOCCOCCOCCOCCOCCOc1ccc(C(=O)Nc2cc(NC(=O)c3ccc(O)cc3)cc(-c3nc4ccccc4[nH]3)c2)cc1
603,527.5,Oc1cc(C(C)(C)C)c(Oc2ccc(C(=O)Nc3ccc(C(C)(C)c4ccc(NC(=O)c5ccccc5)cc4)cc3)cc2)cc1C(C)(C)C
604,548.5,Oc1cc(C(C)(C)C)c(Oc2ccc(C(=O)Nc3ccc(C(C)(C)c4ccc(NC(=O)c5ccccc5)c(C)c4)cc3C)cc2)cc1C(C)(C)C
605,568.5,Oc1cc(C(C)(C)C)c(Oc2ccc(C(=O)Nc3c(C)cc(C(C)(C)c4cc(C)c(NC(=O)c5ccccc5)c(C)c4)cc3C)cc2)cc1C(C)(C)C
606,533.5,Oc1cc(C(C)(C)C)c(Oc2ccc(C(=O)Nc3c(C)cc(Cc4cc(C)c(NC(=O)c5ccccc5)c(C(C)C)c4)cc3C(C)C)cc2)cc1C(C)(C)C
607,541.5,Oc1cc(C(C)(C)C)c(Oc2ccc(C(=O)Nc3ccc(C(c4ccc(NC(=O)c5ccccc5)cc4)(C(F)(F)F)C(F)(F)F)cc3)cc2)cc1C(C)(C)C
608,498.5,c1ccc(NC(=O)c2ccc(OCCOc3ccc(C(=O)Nc4ccc5[nH]cnc5c4)cc3)cc2)cc1
609,448.5,c1ccc(NC(=O)c2ccc(OCCOCCOc3ccc(C(=O)Nc4ccc5[nH]cnc5c4)cc3)cc2)cc1
610,428.5,c1ccc(NC(=O)c2ccc(OCCOCCOCCOc3ccc(C(=O)Nc4ccc5[nH]cnc5c4)cc3)cc2)cc1
611,413.5,c1ccc(NC(=O)c2ccc(OCCOCCOCCOCCOc3ccc(C(=O)Nc4ccc5[nH]cnc5c4)cc3)cc2)cc1
612,398.5,c1ccc(NC(=O)c2ccc(OCCOCCOCCOCCOCCOc3ccc(C(=O)Nc4ccc5[nH]cnc5c4)cc3)cc2)cc1